constituency_name,first_party,electorate,valid_votes,invalid_votes,turnout,majority,con,lab,ld,ukip,green,snp,pc,dup,sf,sdlp,uup,alliance,other,IMDmean,declaration_time,urbn_pr
Aldershot,Con,72430,46191,114,63.930691702333284,14901,23369,8468,4076,8253,2025,0,0,0,0,0,0,0,0,11.81046425168,08/05/2015 04:39,55.4795741
Aldridge-Brownhills,Con,60215,39497,105,65.76766586398738,11723,20558,8835,1330,7751,826,0,0,0,0,0,0,0,197,16.5816453644353,08/05/2015 04:55,18.3676628
Altrincham And Sale West,Con,71511,50517,158,70.863223839689,13290,26771,13481,4235,4047,1983,0,0,0,0,0,0,0,0,11.4429102590596,08/05/2015 05:34,26.881699
Amber Valley,Con,69510,45717,103,65.91857286721336,4205,20106,15901,1360,7263,1087,0,0,0,0,0,0,0,0,17.2536637849137,08/05/2015 04:31,0
Arundel And South Downs,Con,77242,56477,242,73.43025814971129,26177,34331,6324,4062,8154,3606,0,0,0,0,0,0,0,0,14.3802285767613,08/05/2015 07:51,0
Ashfield,Lab,77091,47409,209,61.76855923518958,8820,10628,19448,7030,10150,0,0,0,0,0,0,0,0,153,19.6799620636439,08/05/2015 05:41,0
Ashford,Con,85177,57372,175,67.56166570787889,19296,30094,10580,3433,10798,2467,0,0,0,0,0,0,0,0,18.0079669338386,08/05/2015 05:19,60.4193527
Ashton-Under-Lyne,Lab,68343,38918,198,57.23483019475294,10756,8610,19366,943,8468,1531,0,0,0,0,0,0,0,0,31.4923669190946,08/05/2015 08:09,2.0073229
Aylesbury,Con,80315,55419,235,69.29465230654299,17158,28083,8391,5885,10925,2135,0,0,0,0,0,0,0,0,8.05381684772441,08/05/2015 06:00,69.197627
Banbury,Con,86420,58008,183,67.33510761397825,18395,30749,12354,3440,8050,2686,0,0,0,0,0,0,0,729,13.3938579189685,08/05/2015 07:23,0
Barking,Lab,73977,43041,111,58.331643618962644,15272,7019,24826,562,9554,897,0,0,0,0,0,0,0,183,33.4883352585559,08/05/2015 04:38,100
Barnsley Central,Lab,64534,36560,110,56.82276009545356,12435,5485,20376,770,7941,938,0,0,0,0,0,0,0,1050,25.9197579271127,08/05/2015 03:34,88.3076991
Barnsley East,Lab,69135,38517,180,55.97309611629421,12034,5622,21079,1217,9045,0,0,0,0,0,0,0,0,1554,29.8555712903327,08/05/2015 04:02,13.0804573
Barrow And Furness,Lab,68338,43275,159,63.55761069975709,795,17525,18320,1169,5070,1061,0,0,0,0,0,0,0,130,15.3910398185253,08/05/2015 06:53,0
Basildon And Billericay,Con,66347,43028,198,65.15140096763983,12482,22668,10186,1636,8538,0,0,0,0,0,0,0,0,0,17.464547233116,08/05/2015 03:23,61.3972715
Basingstoke,Con,79665,53076,219,66.8988890980983,11063,25769,14706,3919,8290,0,0,0,0,0,0,0,0,392,12.2249249103546,08/05/2015 05:17,98.9792708
Bassetlaw,Lab,76796,49289,170,64.40309391114121,8843,15122,23965,1331,7865,1006,0,0,0,0,0,0,0,0,18.3555700041982,08/05/2015 05:31,0
Bath,Con,63084,47167,192,75.07291864815167,3833,17833,6216,14000,2922,5634,0,0,0,0,0,0,0,562,10.2421830896323,08/05/2015 04:41,99.4262243
Batley And Spen,Lab,78373,50479,200,64.66385107115971,6057,15769,21826,2396,9080,1232,0,0,0,0,0,0,0,176,21.6040691266189,08/05/2015 06:29,61.1284681
Battersea,Con,76111,51031,141,67.23338282245668,7938,26730,18792,2241,1586,1682,0,0,0,0,0,0,0,0,16.7861509503059,08/05/2015 01:23,100
Beaconsfield,Con,74726,53163,261,71.49318844846506,26311,33621,6074,3927,7310,2231,0,0,0,0,0,0,0,0,9.63097191046959,08/05/2015 06:51,37.9983252
Beckenham,Con,67439,48803,119,72.54259404795445,18471,27955,9484,3378,6108,1878,0,0,0,0,0,0,0,0,10.1870985953013,08/05/2015 03:40,99.8346982
Bedford,Con,69311,46086,258,66.86384556563894,1097,19625,18528,1958,4434,1412,0,0,0,0,0,0,0,129,20.1934576957037,08/05/2015 09:19,79.636285
Bermondsey And Old Southwark,Lab,83298,51424,206,61.982280486926456,4489,6051,22146,17657,3254,2023,0,0,0,0,0,0,0,293,26.7408917530163,08/05/2015 04:11,100
Berwick-Upon-Tweed,Con,56969,40423,78,71.09305060647019,4914,16603,6042,11689,4513,1488,0,0,0,0,0,0,0,88,20.8001223912096,08/05/2015 12:59,0
Bethnal Green And Bow,Lab,82727,52924,263,64.29218997425266,24317,8070,32387,2395,3219,4906,0,0,0,0,0,0,0,1947,29.6856767866347,08/05/2015 05:38,100
Beverley And Holderness,Con,80805,52677,159,65.38704288100983,12203,25363,13160,2900,8794,1802,0,0,0,0,0,0,0,658,16.1737999389794,08/05/2015 14:12,2.0802778
Bexhill And Battle,Con,78796,55218,300,70.45789126351592,20075,30245,7797,4199,10170,2807,0,0,0,0,0,0,0,0,16.0870121193807,08/05/2015 07:39,4.1108719
Bexleyheath And Crayford,Con,64828,43685,110,67.5556858147714,9192,20643,11451,1308,9182,950,0,0,0,0,0,0,0,151,18.0334756277441,08/05/2015 03:47,100
Birkenhead,Lab,62410,39144,125,62.92100624899856,20652,5816,26468,1396,3838,1626,0,0,0,0,0,0,0,0,45.4581448587019,08/05/2015 13:04,99.5657125
Birmingham Edgbaston,Lab,65591,41293,156,63.19312100745529,2706,15812,18518,1184,4154,1371,0,0,0,0,0,0,0,254,29.7274965532364,08/05/2015 05:58,0
Birmingham Erdington,Lab,65128,34684,109,53.42249109446014,5129,10695,15824,965,6040,948,0,0,0,0,0,0,0,212,44.2555881628469,08/05/2015 04:49,0
Birmingham Hall Green,Lab,76330,47046,277,61.99790383859557,19818,8329,28147,5459,2131,2200,0,0,0,0,0,0,0,780,36.1246874561677,08/05/2015 06:03,0
Birmingham Hodge Hill,Lab,75302,41039,267,54.85378874399086,23362,4707,28069,2624,4651,835,0,0,0,0,0,0,0,153,49.0747249148308,08/05/2015 05:16,0
Birmingham Ladywood,Lab,68128,35916,253,53.08977219351808,21868,4576,26444,1374,1805,1501,0,0,0,0,0,0,0,216,47.0149588281296,08/05/2015 05:48,0
Birmingham Northfield,Lab,71428,42461,98,59.58307666461332,2509,15164,17673,1349,7106,1169,0,0,0,0,0,0,0,0,35.7800215988708,08/05/2015 04:36,0
Birmingham Perry Barr,Lab,69943,41260,272,59.37978067855254,14828,8869,23697,2001,5032,1330,0,0,0,0,0,0,0,331,35.4067316553734,08/05/2015 06:12,0
Birmingham Selly Oak,Lab,75092,45294,175,60.55105736962659,8447,13137,21584,2517,5755,2301,0,0,0,0,0,0,0,0,31.5077624201775,08/05/2015 05:24,0
Birmingham Yardley,Lab,72146,41151,162,57.26304992653786,6595,5760,17129,10534,6637,698,0,0,0,0,0,0,0,393,40.9141999783723,08/05/2015 05:33,0
Bishop Auckland,Lab,66070,39389,68,59.71999394581504,3508,12799,16307,1723,7015,1545,0,0,0,0,0,0,0,0,19.2314492346472,08/05/2015 03:46,0
Blackburn,Lab,73260,43999,325,60.50232050232051,12760,12002,24762,955,6280,0,0,0,0,0,0,0,0,0,28.0666744104877,08/05/2015 03:14,99.5799022
Blackley And Broughton,Lab,71913,37112,194,51.876573081362196,16874,5581,22982,874,6108,1567,0,0,0,0,0,0,0,0,46.5029503126742,08/05/2015 04:35,100
Blackpool North And Cleveleys,Con,62468,39393,207,63.39245693795223,3340,17508,14168,948,5823,889,0,0,0,0,0,0,0,57,29.5108710676432,08/05/2015 05:39,74.9234335
Blackpool South,Lab,57411,32436,192,56.83231436484297,2585,10963,13548,743,5613,841,0,0,0,0,0,0,0,728,41.1910895408468,08/05/2015 05:05,100
Blaydon,Lab,67901,44936,96,66.32008365119808,14227,7838,22090,5497,7863,1648,0,0,0,0,0,0,0,0,19.9324614594758,08/05/2015 04:42,8.9573072
Blyth Valley,Lab,61247,38461,41,62.863487191209366,9229,8346,17813,2265,8584,1453,0,0,0,0,0,0,0,0,27.7622631176811,08/05/2015 13:00,0
Bognor Regis And Littlehampton,Con,72995,47116,224,64.85375710665114,13944,24185,6508,4240,10241,1942,0,0,0,0,0,0,0,0,18.5930264775998,08/05/2015 07:14,65.4244916
Bolsover,Lab,71979,43998,193,61.39429555842676,11778,10764,22542,1464,9228,0,0,0,0,0,0,0,0,0,22.2478331273877,08/05/2015 07:10,3.3569487
Bolton North East,Lab,67895,43161,150,63.79114809632521,4377,14164,18541,1236,8117,1103,0,0,0,0,0,0,0,0,23.2276463770742,08/05/2015 05:30,99.6591705
Bolton South East,Lab,69687,40743,134,58.65799933990557,10928,8289,20555,1072,9627,1200,0,0,0,0,0,0,0,0,30.3768383270301,08/05/2015 04:30,49.258849
Bolton West,Con,72719,48592,197,67.0925067726454,801,19744,18943,1947,7428,0,0,0,0,0,0,0,0,530,15.9227903885847,08/05/2015 05:23,29.3251661
Bootle,Lab,70145,45152,148,64.58051179699194,28704,3639,33619,978,4915,1501,0,0,0,0,0,0,0,500,45.5844554052658,08/05/2015 03:36,0.3027787
Boston And Skegness,Con,67064,43339,179,64.89025408564953,4336,18981,7142,1015,14645,800,0,0,0,0,0,0,0,756,29.0249070211065,08/05/2015 06:25,0
Bosworth,Con,79738,53582,206,67.45591813188192,10988,22939,9354,11951,9338,0,0,0,0,0,0,0,0,0,12.415162069047,08/05/2015 05:40,0
Bournemouth East,Con,72275,44827,191,62.287097890003466,14612,22060,7448,3752,7401,3263,0,0,0,0,0,0,0,903,17.263958256353,08/05/2015 06:22,99.8837326
Bournemouth West,Con,72082,41773,171,58.18928442607031,12410,20155,7386,3281,7745,3107,0,0,0,0,0,0,0,99,22.1235019653932,08/05/2015 05:57,100
Bracknell,Con,81271,53086,215,65.5842797553863,20650,29606,8956,3983,8339,2202,0,0,0,0,0,0,0,0,11.2595044907491,08/05/2015 05:44,57.1756519
Bradford East,Lab,66121,41406,207,62.93461986358343,7084,4682,19312,12228,4103,871,0,0,0,0,0,0,0,210,36.8247289211519,08/05/2015 05:43,99.7470941
Bradford South,Lab,63674,37600,106,59.21726293306531,6450,9878,16328,1094,9057,1243,0,0,0,0,0,0,0,0,30.5941886305809,08/05/2015 06:23,98.7354563
Bradford West,Lab,63372,40290,237,63.95095625828442,11420,6160,19977,1173,3140,1085,0,0,0,0,0,0,0,8755,33.7399399750251,08/05/2015 06:07,91.7958651
Braintree,Con,73557,50283,201,68.6324890900934,17610,27071,9296,2488,9461,1564,0,0,0,0,0,0,0,403,13.6810594339115,08/05/2015 05:45,0
Brent Central,Lab,77038,47032,260,61.38788649757263,19649,9567,29216,3937,1850,1912,0,0,0,0,0,0,0,550,31.5461429069782,08/05/2015 03:39,100
Brent North,Lab,82196,52235,291,63.90335296121465,10834,17517,28351,2607,2024,1539,0,0,0,0,0,0,0,197,19.5992803261659,08/05/2015 04:36,100
Brentford And Isleworth,Lab,84602,57355,147,67.96766033899908,465,24631,25096,2305,3203,2120,0,0,0,0,0,0,0,0,18.2445971182294,08/05/2015 04:57,100
Brentwood And Ongar,Con,71918,51897,151,72.37131177174004,21810,30534,6492,4577,8724,1397,0,0,0,0,0,0,0,173,16.6739770970876,08/05/2015 04:30,0
Bridgwater And West Somerset,Con,80491,54447,203,67.89578959138288,14583,25020,9589,6765,10437,2636,0,0,0,0,0,0,0,0,23.0473672438203,08/05/2015 08:33,0
Brigg And Goole,Con,68488,43270,168,63.42424950356267,11176,22946,11770,764,6694,915,0,0,0,0,0,0,0,181,15.947018773686,08/05/2015 05:26,4.1701626
Brighton Kemptown,Con,67858,45306,177,67.02673229390787,690,18428,17738,1365,4446,3187,0,0,0,0,0,0,0,142,23.10216368635,08/05/2015 06:46,0
Brighton Pavilion,Green,76557,54676,186,71.661637733976,7967,12448,14904,1525,2724,22871,0,0,0,0,0,0,0,204,16.0587444598621,08/05/2015 07:36,0
Bristol East,Lab,71193,46213,162,65.13983116317615,3980,14168,18148,2689,7152,3827,0,0,0,0,0,0,0,229,27.1203872196136,08/05/2015 05:50,100
Bristol North West,Con,74743,51805,121,69.47272654295385,4944,22767,17823,3214,4889,2952,0,0,0,0,0,0,0,160,24.1287518948003,08/05/2015 04:32,100
Bristol South,Lab,81496,50842,164,62.58712084028664,7128,12377,19505,4416,8381,5861,0,0,0,0,0,0,0,302,33.3856335086677,08/05/2015 06:11,100
Bristol West,Lab,91236,64218,198,70.60370906221229,5673,9752,22900,12103,1940,17227,0,0,0,0,0,0,0,296,23.919962216449,08/05/2015 06:48,100
Broadland,Con,73552,53089,182,72.42631063737221,16838,26808,9970,5178,8881,2252,0,0,0,0,0,0,0,0,18.2425964306928,08/05/2015 09:30,0
Bromley And Chislehurst,Con,65477,44066,131,67.50003818134613,13564,23343,9779,2836,6285,1823,0,0,0,0,0,0,0,0,14.9022847421911,08/05/2015 03:10,100
Bromsgrove,Con,73337,52245,173,71.47551713323425,16529,28133,11604,2616,8163,1729,0,0,0,0,0,0,0,0,13.0656910916279,08/05/2015 07:07,23.6491025
Broxbourne,Con,72944,46024,125,63.266341302917304,16723,25797,8470,1467,9074,1216,0,0,0,0,0,0,0,0,14.2117293388145,08/05/2015 02:28,0
Broxtowe,Con,71764,53440,200,74.7449974917786,4287,24163,19876,2120,5674,1544,0,0,0,0,0,0,0,63,11.1664797932952,08/05/2015 05:11,6.2316543
Buckingham,Spk,77425,53692,1289,71.01194704552793,22942,0,0,0,11675,7400,0,0,0,0,0,0,0,34617,10.1010968165628,08/05/2015 06:19,1.8071651
Burnley,Lab,64477,39746,150,61.87632799292771,3244,5374,14951,11707,6864,850,0,0,0,0,0,0,0,0,20.8855429805915,08/05/2015 02:54,93.6930143
Burton,Con,75248,48974,176,65.3173506272592,10892,24376,13484,1232,8658,1224,0,0,0,0,0,0,0,0,14.840632808173,08/05/2015 05:45,70.1851536
Bury North,Con,67580,45230,186,67.20331459011541,378,18970,18592,932,5595,1141,0,0,0,0,0,0,0,0,16.9928582960347,08/05/2015 05:17,77.8685415
Bury South,Lab,73883,47215,181,64.15007511876887,4922,16350,21272,1690,6299,1434,0,0,0,0,0,0,0,170,20.7798720582966,08/05/2015 04:34,40.7110914
Bury St Edmunds,Con,85982,59341,237,69.29124700518713,21301,31815,10514,3581,8739,4692,0,0,0,0,0,0,0,0,14.0196024099432,08/05/2015 07:10,0
Calder Valley,Con,77754,53541,220,69.14242354091108,4427,23354,18927,2666,5950,2090,0,0,0,0,0,0,0,554,17.0015988227082,08/05/2015 08:01,2.5863052
Camberwell And Peckham,Lab,82746,51561,218,62.57583448142508,25824,6790,32614,2580,2413,5187,0,0,0,0,0,0,0,1977,26.2366183695902,08/05/2015 04:46,100
Camborne And Redruth,Con,66944,45868,84,68.64244741873804,7004,18452,11448,5687,6776,2608,0,0,0,0,0,0,0,897,22.0301711936268,08/05/2015 05:02,0
Cambridge,Lab,83384,51774,171,62.29612395663436,599,8117,18646,18047,2668,4109,0,0,0,0,0,0,0,187,14.4849875887534,08/05/2015 06:00,99.7388949
Cannock Chase,Con,74532,47099,169,63.419739172435996,4923,20811,15888,1270,8224,906,0,0,0,0,0,0,0,0,17.56748613141,08/05/2015 05:12,64.2742607
Canterbury,Con,81341,53465,182,65.95320932862886,9798,22918,13120,6227,7289,3746,0,0,0,0,0,0,0,165,14.662649985477,08/05/2015 04:40,52.1674835
Carlisle,Con,65827,42587,93,64.8366171935528,2774,18873,16099,1087,5277,1125,0,0,0,0,0,0,0,126,12.8416598322737,08/05/2015 03:46,86.4462905
Carshalton And Wallington,LD,69981,47613,131,68.22423229162202,1510,15093,7150,16603,7049,1492,0,0,0,0,0,0,0,226,15.6409893241718,08/05/2015 04:37,100
Castle Point,Con,68170,45450,117,66.8431861522664,8934,23112,6283,801,14178,1076,0,0,0,0,0,0,0,0,17.0533357024972,08/05/2015 09:17,1.1913386
Central Devon,Con,72737,54448,192,75.11995270632553,21265,28436,6985,6643,7171,4866,0,0,0,0,0,0,0,347,18.3425105977263,08/05/2015 11:27,0
Central Suffolk And North Ipswich,Con,76666,54089,145,70.74061513578378,20144,30317,10173,3314,7459,2664,0,0,0,0,0,0,0,162,15.0708362904343,08/05/2015 06:48,28.5661629
Charnwood,Con,77269,52261,177,67.86421462682317,16931,28384,11453,3605,8330,0,0,0,0,0,0,0,0,489,9.18190283605664,08/05/2015 06:31,31.3999603
Chatham And Aylesford,Con,66355,43073,166,65.16313766860071,11455,21614,10159,1360,8581,1101,0,0,0,0,0,0,0,258,18.8239601110464,08/05/2015 08:27,65.1158008
Cheadle,Con,73239,53095,169,72.72627971435983,6453,22889,8673,16436,4423,0,0,0,0,0,0,0,0,674,11.3462889083227,08/05/2015 07:09,9.0204029
Chelmsford,Con,78580,53817,190,68.72868414354798,18250,27732,9482,6394,7652,1892,0,0,0,0,0,0,0,665,11.3354098818084,08/05/2015 03:12,99.8641057
Chelsea And Fulham,Con,63478,40226,133,63.579507860991214,16022,25322,9300,2091,2039,1474,0,0,0,0,0,0,0,0,17.1791109985775,08/05/2015 03:35,100
Cheltenham,Con,77287,53735,104,69.66113317893048,6516,24790,3902,18274,3808,2689,0,0,0,0,0,0,0,272,9.49513815665365,08/05/2015 04:46,99.699165
Chesham And Amersham,Con,72547,52730,249,73.02714102581774,23920,31138,6712,4761,7218,2901,0,0,0,0,0,0,0,0,7.10528146437236,08/05/2015 06:29,5.2311704
Chesterfield,Lab,71625,45567,179,63.86876090750436,13598,8231,21829,6301,7523,1352,0,0,0,0,0,0,0,331,24.6090136600676,08/05/2015 04:46,86.3753705
Chichester,Con,83396,57139,198,68.75269797112571,24413,32953,6933,4865,8540,3742,0,0,0,0,0,0,0,106,15.2849104166472,08/05/2015 06:43,0
Chingford And Woodford Green,Con,66680,43804,129,65.88632273545291,8386,20999,12613,2400,5644,1854,0,0,0,0,0,0,0,294,19.1089712580996,08/05/2015 06:20,100
Chippenham,Con,74218,55407,100,74.78913471125604,10076,26354,4561,16278,5884,2330,0,0,0,0,0,0,0,0,11.1237390894372,08/05/2015 03:43,0
Chipping Barnet,Con,77807,53013,139,68.31261968717467,7656,25759,18103,2381,4151,2501,0,0,0,0,0,0,0,118,12.5664595223762,08/05/2015 04:56,99.7938387
Chorley,Lab,74679,51712,142,69.43585211371335,4530,18792,23322,1354,6995,1111,0,0,0,0,0,0,0,138,11.4117479531062,08/05/2015 05:20,14.9829459
Christchurch,Con,69303,49707,233,72.06037256684414,18224,28887,4745,3263,10663,2149,0,0,0,0,0,0,0,0,11.6023705016473,08/05/2015 05:44,0
Cities Of London And Westminster,Con,60992,36185,167,59.60125918153201,9671,19570,9899,2521,1894,1953,0,0,0,0,0,0,0,348,15.368052622031,08/05/2015 02:54,100
City Of Chester,Lab,74485,51161,228,68.9924145801168,93,22025,22118,2870,4148,0,0,0,0,0,0,0,0,0,13.7148590162087,08/05/2015 07:15,85.9347447
City Of Durham,Lab,68725,45669,116,66.62058930520189,11439,10157,21596,5153,5232,2687,0,0,0,0,0,0,0,844,19.5966037816961,08/05/2015 04:57,0
Clacton,UKIP,68936,44207,168,64.37130091679238,3437,16205,6364,812,19642,1184,0,0,0,0,0,0,0,0,31.6013046453287,08/05/2015 04:38,0
Cleethorpes,Con,71008,45089,132,63.684373591707974,7893,21026,13133,1346,8356,1013,0,0,0,0,0,0,0,215,18.5379037021119,08/05/2015 04:48,0
Colchester,Con,74204,48593,117,65.64336154385208,5575,18919,7852,13344,5870,2499,0,0,0,0,0,0,0,109,18.4543663522688,08/05/2015 05:44,99.6916178
Colne Valley,Con,82516,56800,153,69.02055358960686,5378,25246,19868,3407,5734,1919,0,0,0,0,0,0,0,626,15.4233062148569,08/05/2015 06:16,57.6382626
Congleton,Con,72503,50976,166,70.53777085086135,16773,27164,10391,4623,6922,1876,0,0,0,0,0,0,0,0,12.602893670434,08/05/2015 09:00,0
Copeland,Lab,62087,39631,151,64.07460498977242,2564,14186,16750,1368,6148,1179,0,0,0,0,0,0,0,0,17.2704333535228,08/05/2015 05:13,0
Corby,Con,79775,56174,132,70.58100908806017,2412,24023,21611,1458,7708,1374,0,0,0,0,0,0,0,0,13.4572045800301,08/05/2015 06:00,0
Coventry North East,Lab,75462,42231,185,56.208422782327524,12274,9751,22025,2007,6278,1245,0,0,0,0,0,0,0,925,30.0938616982589,08/05/2015 04:52,100
Coventry North West,Lab,73626,45246,172,61.6874473691359,4509,14048,18557,1810,7101,1961,0,0,0,0,0,0,0,1769,18.728833824052,08/05/2015 03:39,99.470213
Coventry South,Lab,70397,43699,178,62.32794011108428,3188,15284,18472,1779,5709,1719,0,0,0,0,0,0,0,736,20.7343451238197,08/05/2015 03:26,100
Crawley,Con,73936,48550,130,65.840727115343,6526,22829,16303,1339,6979,1100,0,0,0,0,0,0,0,0,18.8176665705893,08/05/2015 03:49,99.3095398
Crewe And Nantwich,Con,74169,49896,213,67.56057112809934,3620,22445,18825,1374,7252,0,0,0,0,0,0,0,0,0,12.6833948685473,08/05/2015 09:18,66.944838
Croydon Central,Con,78171,52941,102,67.85508692481866,165,22753,22588,1152,4810,1454,0,0,0,0,0,0,0,184,19.9120220138746,08/05/2015 06:35,80.9488102
Croydon North,Lab,85941,53522,188,62.496363784456776,21364,12149,33513,1919,2899,2515,0,0,0,0,0,0,0,527,26.6362108642991,08/05/2015 04:53,100
Croydon South,Con,82010,57712,146,70.54993293500793,17140,31448,14308,3448,6068,2154,0,0,0,0,0,0,0,286,13.2672850416604,08/05/2015 05:48,100
Dagenham And Rainham,Lab,69128,43050,83,62.39584538826525,4980,10492,17830,717,12850,806,0,0,0,0,0,0,0,355,23.3099159412697,08/05/2015 03:44,99.760288
Darlington,Lab,65851,41141,163,62.723421056627835,3158,14479,17637,1966,5392,1444,0,0,0,0,0,0,0,223,23.3001099046255,08/05/2015 02:29,100
Dartford,Con,75209,52418,199,69.96104189658152,12345,25670,13325,1454,10434,1324,0,0,0,0,0,0,0,211,17.3180729960868,08/05/2015 06:31,56.3478261
Daventry,Con,72873,52518,137,72.25584235587941,21059,30550,9491,2352,8296,1829,0,0,0,0,0,0,0,0,10.8792170102452,08/05/2015 06:09,5.1143914
Denton And Reddish,Lab,66141,38681,144,58.70035227770975,10511,9150,19661,957,7225,1466,0,0,0,0,0,0,0,222,27.298888283176,08/05/2015 08:33,44.677365
Derby North,Con,69794,44745,137,64.3063873685417,41,16402,16361,3832,6532,1618,0,0,0,0,0,0,0,0,21.5594920506431,08/05/2015 09:00,100
Derby South,Lab,70240,40820,166,58.35136674259681,8828,11179,20007,1717,6341,1208,0,0,0,0,0,0,0,368,32.0606891554455,08/05/2015 09:41,100
Derbyshire Dales,Con,63476,47361,130,74.8172537652026,14044,24805,10761,3965,5508,2173,0,0,0,0,0,0,0,149,12.2278614302253,08/05/2015 06:38,0
Devizes,Con,69205,49006,132,71.00354020663247,20751,28295,6360,3954,7544,2853,0,0,0,0,0,0,0,0,13.1674097520332,08/05/2015 04:35,0
Dewsbury,Lab,79770,53630,238,67.52914629559984,1451,20955,22406,1924,6649,1366,0,0,0,0,0,0,0,330,15.0376148913769,08/05/2015 07:24,56.6286084
Don Valley,Lab,71299,42486,171,59.828328588058746,8885,10736,19621,1487,9963,0,0,0,0,0,0,0,0,679,22.0490587611363,08/05/2015 05:50,18.4049758
Doncaster Central,Lab,71136,40420,208,57.11313540260908,10093,8386,19840,1717,9747,0,0,0,0,0,0,0,0,730,25.3381435561726,08/05/2015 05:46,83.4936326
Doncaster North,Lab,70989,39501,166,55.87767118849399,11780,7235,20708,1005,8928,757,0,0,0,0,0,0,0,868,28.2231814521759,08/05/2015 05:22,4.2496343
Dover,Con,72930,50224,199,69.1389003153709,6294,21737,15443,1572,10177,1295,0,0,0,0,0,0,0,0,18.2363180107065,08/05/2015 04:52,0
Dudley North,Lab,60717,37992,97,62.73201903914883,4181,11704,15885,478,9113,517,0,0,0,0,0,0,0,295,28.5709174455381,08/05/2015 05:07,49.6760979
Dudley South,Con,60363,38210,85,63.441180855822275,4270,16723,12453,828,7236,970,0,0,0,0,0,0,0,0,27.3416050771125,08/05/2015 05:22,20.2702367
Dulwich And West Norwood,Lab,76575,51362,186,67.31700946784198,16122,11650,27772,5055,1606,4844,0,0,0,0,0,0,0,435,21.3382913576846,08/05/2015 03:33,100
Ealing Central And Acton,Lab,71422,50894,165,71.4891770042844,274,21728,22002,3106,1926,1841,0,0,0,0,0,0,0,291,20.8881347768762,08/05/2015 02:57,100
Ealing North,Lab,73881,48510,198,65.92764039468875,12326,14419,26745,1575,3922,1635,0,0,0,0,0,0,0,214,22.7001264435904,08/05/2015 03:15,100
Ealing Southall,Lab,65606,43321,182,66.30948388866872,18760,9387,28147,1550,1769,2007,0,0,0,0,0,0,0,461,26.3246855885728,08/05/2015 03:37,0
Easington,Lab,61659,34624,53,56.23996496861772,14641,4478,21132,834,6491,733,0,0,0,0,0,0,0,956,29.5462742068075,08/05/2015 03:11,0
East Devon,Con,76519,54717,217,71.79131980292478,12261,25401,5591,3715,6870,0,0,0,0,0,0,0,0,13140,11.6691225877133,08/05/2015 07:19,8.3806138
East Ham,Lab,87382,52290,211,60.08216795220984,34252,6311,40563,856,2622,1299,0,0,0,0,0,0,0,639,28.4955533748956,08/05/2015 05:27,100
East Hampshire,Con,71074,51649,218,72.97605312772603,25147,31334,5220,5732,6187,3176,0,0,0,0,0,0,0,0,12.4974397940126,08/05/2015 06:03,0
East Surrey,Con,79654,56103,161,70.6354985311472,22658,32211,6627,5189,9553,2159,0,0,0,0,0,0,0,364,14.4010875478132,08/05/2015 05:00,3.5152595
East Worthing And Shoreham,Con,74775,49898,199,66.99699097291875,14949,24686,9737,3360,8267,2605,0,0,0,0,0,0,0,1243,12.95337359236,08/05/2015 07:13,36.1203038
East Yorkshire,Con,81023,49991,227,61.97993162435358,14933,25276,10343,2966,8955,1731,0,0,0,0,0,0,0,720,17.2261472089569,08/05/2015 04:58,0
Eastbourne,Con,78262,52907,154,67.79918734507169,733,20934,4143,20201,6139,1351,0,0,0,0,0,0,0,139,12.9993964943393,08/05/2015 04:39,98.5405356
Eastleigh,Con,79609,55505,158,69.92048637716842,9147,23464,7181,14317,8783,1513,0,0,0,0,0,0,0,247,10.9924234786065,08/05/2015 04:37,57.2044404
Eddisbury,Con,68569,47352,178,69.31703831177354,12974,24167,11193,4289,5778,1624,0,0,0,0,0,0,0,301,14.4876291890326,08/05/2015 05:23,0
Edmonton,Lab,66016,41338,161,62.86203344643722,15419,9969,25388,897,3366,1358,0,0,0,0,0,0,0,360,34.6771359600372,08/05/2015 05:31,100
Ellesmere Port And Neston,Lab,69223,46727,160,67.73326784450255,6275,16041,22316,1563,5594,990,0,0,0,0,0,0,0,223,18.9231481982602,08/05/2015 05:44,70.3284479
Elmet And Rothwell,Con,79143,57797,153,73.22188949117421,8490,27978,19488,2640,6430,1261,0,0,0,0,0,0,0,0,12.9880028072792,08/05/2015 06:44,0.3703888
Eltham,Lab,63998,43157,97,67.58648707772117,2693,15700,18393,1308,6481,1275,0,0,0,0,0,0,0,0,21.3101446963371,08/05/2015 05:32,100
Enfield North,Lab,68118,46137,117,67.90275698053378,1086,19086,20172,1059,4133,1303,0,0,0,0,0,0,0,384,26.4093666377577,08/05/2015 04:46,99.1234812
Enfield Southgate,Con,64937,45812,130,70.74857169256357,4753,22624,17871,1518,2109,1690,0,0,0,0,0,0,0,0,13.2511846817457,08/05/2015 03:49,0
Epping Forest,Con,73447,49348,142,67.38192165779405,17978,27027,7962,3448,9049,1782,0,0,0,0,0,0,0,80,18.8356865192158,08/05/2015 04:36,14.2505624
Epsom And Ewell,Con,78633,57143,189,72.91086439535563,24443,33309,8866,5002,7117,2116,0,0,0,0,0,0,0,733,7.01476935970827,08/05/2015 06:34,15.7333576
Erewash,Con,71943,48322,146,67.37000125099037,3584,20636,17052,1658,7792,1184,0,0,0,0,0,0,0,0,15.4198939072347,08/05/2015 05:33,0
Erith And Thamesmead,Lab,70397,42617,97,60.6758810744776,9525,11684,21209,972,7368,941,0,0,0,0,0,0,0,443,24.5586707582199,08/05/2015 04:32,100
Esher And Walton,Con,79894,56976,189,71.5510551480712,28616,35845,7229,5372,5551,2355,0,0,0,0,0,0,0,624,8.37468710315787,08/05/2015 04:38,36.5173349
Exeter,Lab,76968,54018,200,70.44226171915601,7183,17879,25062,2321,5075,3491,0,0,0,0,0,0,0,190,14.287414465414,08/05/2015 04:32,100
Fareham,Con,77114,54700,118,71.08696215991908,22262,30689,7800,4814,8427,2129,0,0,0,0,0,0,0,841,10.2413951318573,08/05/2015 02:34,14.5539442
Faversham And Mid Kent,Con,69523,45803,104,66.03138529695208,16652,24895,7403,3039,8243,1768,0,0,0,0,0,0,0,455,20.3055411595112,08/05/2015 06:41,46.5966758
Feltham And Heston,Lab,82340,49405,142,60.17367014816614,11463,14382,25845,1579,6209,1390,0,0,0,0,0,0,0,0,23.934531700762,08/05/2015 04:30,100
Filton And Bradley Stoke,Con,71310,49101,152,69.06885429813491,9838,22920,13082,3581,7261,2257,0,0,0,0,0,0,0,0,13.6707996559369,08/05/2015 05:54,86.7037447
Finchley And Golders Green,Con,72530,50759,133,70.16682751964704,5662,25835,20173,1662,1732,1357,0,0,0,0,0,0,0,0,15.1964784326224,08/05/2015 05:13,100
Folkestone And Hythe,Con,83651,55010,265,66.07811024375081,13797,26323,7939,4882,12526,2956,0,0,0,0,0,0,0,384,22.172787964501,08/05/2015 05:16,0
Forest Of Dean,Con,69865,49520,184,71.1429184856509,10987,23191,12204,2630,8792,2703,0,0,0,0,0,0,0,0,16.4918955458837,08/05/2015 07:47,0
Fylde,Con,65679,43557,190,66.60728695625696,13224,21406,8182,1623,5569,1381,0,0,0,0,0,0,0,5396,14.9838434413673,08/05/2015 05:37,6.6244068
Gainsborough,Con,74686,49261,189,66.21053477224648,15449,25949,10500,3290,7727,1290,0,0,0,0,0,0,0,505,18.0805942531621,08/05/2015 07:21,0.5358589
Garston And Halewood,Lab,73719,48983,192,66.70600523609924,27146,6693,33839,2279,4482,1690,0,0,0,0,0,0,0,0,32.7053930670814,08/05/2015 04:41,99.4478367
Gateshead,Lab,64524,37949,96,58.96255656809869,14784,5502,21549,2585,6765,1548,0,0,0,0,0,0,0,0,35.9566523456232,08/05/2015 04:40,100
Gedling,Lab,70000,47998,145,68.77571428571429,2986,17321,20307,1906,6930,1534,0,0,0,0,0,0,0,0,13.3516352361791,08/05/2015 07:48,5.4667414
Gillingham And Rainham,Con,70984,47078,194,66.59528907922912,10530,22590,12060,1707,9199,1133,0,0,0,0,0,0,0,389,16.8919575681873,08/05/2015 08:48,98.7581192
Gloucester,Con,82968,52575,111,63.50159097483367,7251,23837,16586,2828,7497,1485,0,0,0,0,0,0,0,342,22.2224073763247,08/05/2015 05:02,100
Gosport,Con,73268,47665,86,65.17306327455368,17098,26364,6926,3298,9266,1707,0,0,0,0,0,0,0,104,14.7070054442746,08/05/2015 02:57,74.0220662
Grantham And Stamford,Con,81150,53755,224,66.51756007393715,18989,28399,9070,3263,9410,1872,0,0,0,0,0,0,0,1741,14.4857461622874,08/05/2015 06:45,0
Gravesham,Con,72043,50139,181,69.84717460405591,8370,23484,15114,1111,9306,1124,0,0,0,0,0,0,0,0,13.6329651839973,08/05/2015 13:47,0.3407984
Great Grimsby,Lab,59200,33731,104,57.153716216216225,4540,8874,13414,1680,8417,783,0,0,0,0,0,0,0,563,35.0609305885774,08/05/2015 04:45,100
Great Yarmouth,Con,69793,44469,160,63.94480821858926,6154,19089,12935,1030,10270,978,0,0,0,0,0,0,0,167,22.7714442149945,08/05/2015 06:34,0
Greenwich And Woolwich,Lab,73315,46716,171,63.95280638341404,11946,12438,24384,2645,3888,2991,0,0,0,0,0,0,0,370,25.5944276976298,08/05/2015 05:40,100
Guildford,Con,75733,53986,188,71.53288526798093,22448,30802,6534,8354,4774,2558,0,0,0,0,0,0,0,964,10.2488570265332,08/05/2015 05:39,74.3534125
Hackney North And Stoke Newington,Lab,88153,49887,202,56.82052794573072,24008,7349,31357,2492,1085,7281,0,0,0,0,0,0,0,323,31.2801525025141,08/05/2015 04:40,99.5061728
Hackney South And Shoreditch,Lab,84971,47580,191,56.220357533746814,24213,6420,30633,2186,1818,5519,0,0,0,0,0,0,0,1004,34.6467389645784,08/05/2015 04:43,100
Halesowen And Rowley Regis,Con,66048,43818,119,66.52283187984496,3082,18933,15851,905,7280,849,0,0,0,0,0,0,0,0,20.6539934476217,08/05/2015 04:44,20.3937801
Halifax,Lab,70462,43753,241,62.43649059067299,428,17078,17506,1629,5621,1142,0,0,0,0,0,0,0,777,25.0680322450235,08/05/2015 08:48,95.6035654
Haltemprice And Howden,Con,71195,48757,180,68.73656857925417,16195,26414,10219,3055,6781,1809,0,0,0,0,0,0,0,479,12.2501966741065,08/05/2015 04:54,28.6850125
Halton,Lab,72818,45023,168,62.060204894394246,20285,8007,28292,1097,6333,1017,0,0,0,0,0,0,0,277,30.3326974095525,08/05/2015 02:32,98.1512327
Hammersmith,Lab,72254,47960,170,66.61222908074294,6518,17463,23981,2224,2105,2105,0,0,0,0,0,0,0,82,26.5716595165971,08/05/2015 03:11,100
Hampstead And Kilburn,Lab,80195,53964,184,67.52041897873933,1138,22839,23977,3039,1532,2387,0,0,0,0,0,0,0,190,16.4061616799411,08/05/2015 04:57,100
Harborough,Con,77760,52471,210,67.74819958847736,19632,27675,8043,7037,7539,2177,0,0,0,0,0,0,0,0,9.94743066539515,08/05/2015 09:45,0
Harlow,Con,67994,44251,125,65.26458216901491,8350,21623,13273,904,7208,954,0,0,0,0,0,0,0,289,16.7796883043789,08/05/2015 03:29,89.078177
Harrogate And Knaresborough,Con,76408,53376,138,70.0371688828395,16371,28153,5409,11782,5681,2351,0,0,0,0,0,0,0,0,9.96737320586817,08/05/2015 03:27,72.2302344
Harrow East,Con,70981,49000,143,69.23402037164875,4757,24668,19911,1037,2333,846,0,0,0,0,0,0,0,205,14.9815414597411,08/05/2015 05:41,99.4407934
Harrow West,Lab,69644,46603,136,67.11130894262249,2208,19677,21885,1567,2047,1310,0,0,0,0,0,0,0,117,13.3235288215557,08/05/2015 04:41,100
Hartlepool,Lab,69947,39490,112,56.61715298726179,3024,8256,14076,761,11052,1341,0,0,0,0,0,0,0,4004,20.9694464018529,08/05/2015 03:28,96.5426592
Harwich And North Essex,Con,69290,48432,166,70.13710492134507,15174,24722,9548,3576,8464,2122,0,0,0,0,0,0,0,0,17.2300390985796,08/05/2015 06:05,1.5345214
Hastings And Rye,Con,75095,50927,124,67.98188960649844,4796,22686,17890,1614,6786,1951,0,0,0,0,0,0,0,0,25.9245303607631,08/05/2015 04:41,83.9071438
Havant,Con,70573,44828,148,63.729755005455345,13920,23159,7149,2929,9239,2352,0,0,0,0,0,0,0,0,19.695351706555,08/05/2015 02:55,20.0211909
Hayes And Harlington,Lab,74874,45056,142,60.365413895344176,15700,11143,26843,888,5388,794,0,0,0,0,0,0,0,0,23.4777088165283,08/05/2015 04:45,100
Hazel Grove,Con,63098,43219,127,68.6963136707978,6552,17882,7584,11330,5283,1140,0,0,0,0,0,0,0,0,14.4247241904354,08/05/2015 05:22,17.9494476
Hemel Hempstead,Con,74616,49633,194,66.7779028626568,14420,26245,11825,2402,7249,1660,0,0,0,0,0,0,0,252,13.2384195562067,08/05/2015 07:47,91.7399679
Hemsworth,Lab,72714,42406,167,58.548560112220486,12078,9694,21772,1357,8565,0,0,0,0,0,0,0,0,1018,23.5422333073999,08/05/2015 06:20,14.7484017
Hendon,Con,75285,49630,135,66.1021451816431,3724,24328,20604,1088,2595,1015,0,0,0,0,0,0,0,0,16.2851771678294,08/05/2015 12:25,100
Henley,Con,77946,55236,162,71.0722808097914,25375,32292,6917,6205,6007,3815,0,0,0,0,0,0,0,0,11.3022924415256,08/05/2015 06:18,1.6357777
Hereford And South Herefordshire,Con,71485,47257,202,66.39015178009373,16890,24844,6042,5002,7954,3415,0,0,0,0,0,0,0,0,19.7330164697209,08/05/2015 05:43,60.4206691
Hertford And Stortford,Con,80610,56277,266,70.14390274159533,21509,31593,10084,4385,7534,2681,0,0,0,0,0,0,0,0,12.2697460147406,08/05/2015 05:40,0
Hertsmere,Con,73767,50091,200,68.17547141675817,18461,29696,11235,2777,6383,0,0,0,0,0,0,0,0,0,14.4624955604427,08/05/2015 04:50,0.7234758
Hexham,Con,59708,43345,82,72.73229717960741,12031,22834,10803,2961,4302,2445,0,0,0,0,0,0,0,0,17.8821558594055,08/05/2015 13:43,0
Heywood And Middleton,Lab,79989,48538,135,60.84961682231307,5299,9268,20926,1607,15627,1110,0,0,0,0,0,0,0,0,25.3627080688284,08/05/2015 03:53,27.293794
High Peak,Con,73336,50789,153,69.46383767862987,4894,22836,17942,2389,5811,1811,0,0,0,0,0,0,0,0,13.1385052462764,08/05/2015 05:17,0
Hitchin And Harpenden,Con,80333,55375,173,69.14717488454309,20055,31488,11433,4484,4917,3053,0,0,0,0,0,0,0,0,11.4043329368635,08/05/2015 05:13,10.4565994
Holborn And St Pancras,Lab,86764,54917,219,63.54709326448757,17048,12014,29062,3555,2740,7013,0,0,0,0,0,0,0,533,21.4383355294504,08/05/2015 05:07,100
Hornchurch And Upminster,Con,79331,55236,89,69.73944611816314,13074,27051,11103,1501,13977,1411,0,0,0,0,0,0,0,193,14.3895843598493,08/05/2015 05:18,98.3054888
Hornsey And Wood Green,Lab,79247,57785,177,73.14093908917688,11058,5347,29417,18359,1271,3146,0,0,0,0,0,0,0,245,18.1444242390719,08/05/2015 04:09,100
Horsham,Con,79085,56925,234,72.2753998861984,24658,32627,6499,6647,7969,2198,0,0,0,0,0,0,0,985,13.3364736112264,08/05/2015 07:08,1.0045505
Houghton And Sunderland South,Lab,68324,38489,175,56.58919267021837,12938,7105,21218,791,8280,1095,0,0,0,0,0,0,0,0,28.931497331065,07/05/2015 22:48,61.9920809
Hove,Lab,73505,52214,234,71.35296918576968,1236,20846,22082,1861,3265,3569,0,0,0,0,0,0,0,591,20.5952392950021,08/05/2015 07:20,80.5432329
Huddersfield,Lab,65269,40478,173,62.28224731495809,7345,10841,18186,2365,5948,2798,0,0,0,0,0,0,0,340,24.9496312804204,08/05/2015 05:21,99.2667968
Huntingdon,Con,82593,55927,177,67.92827479326336,19403,29652,10249,4375,9473,2178,0,0,0,0,0,0,0,0,10.3906186009836,08/05/2015 04:34,0
Hyndburn,Lab,68341,42887,179,63.01634450768938,4400,13676,18076,859,9154,1122,0,0,0,0,0,0,0,0,23.0279820897686,08/05/2015 03:49,2.0060659
Ilford North,Lab,75294,48932,105,65.12736738651154,589,20874,21463,1130,4355,1023,0,0,0,0,0,0,0,87,18.4224722400124,08/05/2015 03:53,100
Ilford South,Lab,91987,51912,164,56.612347396914785,19777,13455,33232,1014,2705,1506,0,0,0,0,0,0,0,0,20.773662430048,08/05/2015 03:29,100
Ipswich,Con,74499,48694,139,65.54853085276312,3733,21794,18061,1400,5703,1736,0,0,0,0,0,0,0,0,24.3144161218931,08/05/2015 04:59,100
Isle Of Wight,Con,108804,70300,107,64.70993713466416,13703,28591,8984,5235,14888,9404,0,0,0,0,0,0,0,3198,20.6677096122231,08/05/2015 03:12,0
Islington North,Lab,73326,49234,198,67.4140141286856,21194,8465,29659,3984,1971,5043,0,0,0,0,0,0,0,112,27.7579283714294,08/05/2015 02:17,100
Islington South And Finsbury,Lab,68127,44270,151,65.20322339160685,12708,9839,22547,4829,3375,3371,0,0,0,0,0,0,0,309,25.8337082995309,08/05/2015 02:37,100
Jarrow,Lab,64002,38564,107,60.421549326583545,13881,6584,21464,1238,7583,1310,0,0,0,0,0,0,0,385,23.8468312146712,08/05/2015 02:43,22.5800643
Keighley,Con,68865,49123,198,71.61983591084005,3053,21766,18713,1321,5662,1661,0,0,0,0,0,0,0,0,16.3748114688976,08/05/2015 08:15,0
Kenilworth And Southam,Con,63957,48791,129,76.4888909736229,21002,28474,7472,4913,5467,1956,0,0,0,0,0,0,0,509,11.5699009889838,08/05/2015 13:34,4.1922541
Kensington,Con,61133,34828,139,57.19823990316196,7361,18199,10838,1962,1557,1765,0,0,0,0,0,0,0,507,19.1140253211879,08/05/2015 03:37,100
Kettering,Con,70155,47218,140,67.50481077613854,12590,24467,11877,1490,7600,1633,0,0,0,0,0,0,0,151,14.8355695837477,08/05/2015 03:15,0
Kingston And Surbiton,Con,81238,59253,137,73.10618183608656,2834,23249,8574,20415,4321,2322,0,0,0,0,0,0,0,372,13.0073777852695,08/05/2015 03:44,99.6755842
Kingston Upon Hull East,Lab,65710,35144,102,53.63871556840664,10319,5593,18180,2294,7861,806,0,0,0,0,0,0,0,410,39.1754222567119,08/05/2015 04:37,100
Kingston Upon Hull North,Lab,64148,35336,136,55.29712539751824,12899,5306,18661,3175,5762,2066,0,0,0,0,0,0,0,366,37.6801121193066,08/05/2015 04:49,100
Kingston Upon Hull West And Hessle,Lab,59100,31803,83,53.95262267343486,9333,5561,15646,3169,6313,943,0,0,0,0,0,0,0,171,36.3871281777838,08/05/2015 04:40,83.4538848
Kingswood,Con,68193,48125,146,70.78585778598978,9006,23252,14246,1827,7133,1370,0,0,0,0,0,0,0,297,12.673276492901,08/05/2015 06:12,98.6198669
Knowsley,Lab,79108,50728,192,64.36769985336502,34655,3367,39628,1490,4973,1270,0,0,0,0,0,0,0,0,45.1371560380948,08/05/2015 03:30,57.5919263
Lancaster And Fleetwood,Lab,61922,41738,172,67.68192241852653,1265,16378,17643,1390,4060,2093,0,0,0,0,0,0,0,174,14.7719766932052,08/05/2015 08:09,0
Leeds Central,Lab,81799,45048,213,55.33197227349967,16967,7791,24758,1529,7082,3558,0,0,0,0,0,0,0,330,43.9643874053621,08/05/2015 06:24,99.2704916
Leeds East,Lab,64754,38196,186,59.27355839021528,12533,7997,20530,1296,7256,1117,0,0,0,0,0,0,0,0,30.55879308311,08/05/2015 06:10,100
Leeds North East,Lab,69097,48291,239,70.234597739409807,7250,15887,23137,2569,3706,2541,0,0,0,0,0,0,0,451,15.0326046401057,08/05/2015 08:01,99.871541
Leeds North West,LD,61974,43357,159,70.21654242101526,2907,8083,13041,15948,2997,3042,0,0,0,0,0,0,0,246,10.738427110554,08/05/2015 07:15,67.5780481
Leeds West,Lab,64950,38423,153,59.39337952270978,10727,7729,18456,1495,7104,3217,0,0,0,0,0,0,0,422,32.7023255007608,08/05/2015 06:32,99.6875535
Leicester East,Lab,75430,48068,533,64.43192363780989,18352,11034,29386,1233,4290,1468,0,0,0,0,0,0,0,657,25.0020000736704,08/05/2015 07:28,100
Leicester South,Lab,73518,45942,398,63.03218259473871,17845,9628,27473,2127,3832,2533,0,0,0,0,0,0,0,349,27.1797173053403,08/05/2015 06:02,100
Leicester West,Lab,63204,34522,236,54.993354850958795,7203,8848,16051,1507,5950,1878,0,0,0,0,0,0,0,288,33.2967136972829,08/05/2015 06:26,99.5204553
Leigh,Lab,75905,45123,189,59.69567222185626,14096,10216,24312,1150,8903,0,0,0,0,0,0,0,0,542,22.2839347567964,08/05/2015 03:05,0
Lewes,Con,69481,50540,191,73.01420532231833,1083,19206,5000,18123,5427,2784,0,0,0,0,0,0,0,0,14.9739480673897,08/05/2015 06:25,0
Lewisham Deptford,Lab,73428,47426,222,64.8907773601351,21516,7056,28572,2497,2013,5932,0,0,0,0,0,0,0,1356,25.7569614997277,08/05/2015 05:51,0
Lewisham East,Lab,66913,42923,133,64.34624064083214,14333,9574,23907,2455,3886,2429,0,0,0,0,0,0,0,672,24.8774804140066,08/05/2015 05:45,100
Lewisham West And Penge,Lab,72290,48125,159,66.7920874256467,12714,11633,24347,3709,3764,4077,0,0,0,0,0,0,0,595,23.9986587127526,08/05/2015 05:28,100
Leyton And Wanstead,Lab,64580,40703,171,63.29204087952927,14917,8939,23856,2304,2341,2974,0,0,0,0,0,0,0,289,20.3345853119362,08/05/2015 06:28,100
Lichfield,Con,74234,51467,147,69.52878734811542,18189,28389,10200,2700,8082,1976,0,0,0,0,0,0,0,120,11.3670859021065,08/05/2015 05:18,0
Lincoln,Con,74121,46852,224,63.51236491682519,1443,19976,18533,1992,5721,0,0,0,0,0,0,0,0,630,16.1962460760661,08/05/2015 04:48,91.61217
Liverpool Riverside,Lab,70829,44263,249,62.844315181634634,24463,4245,29835,1719,2510,5372,0,0,0,0,0,0,0,582,38.8329823407562,08/05/2015 04:46,0
Liverpool Walton,Lab,61908,38403,146,62.268204432383534,27777,1802,31222,899,3445,956,0,0,0,0,0,0,0,79,53.4809476542131,08/05/2015 05:25,0
Liverpool Wavertree,Lab,61549,40974,162,66.83455458252774,24303,4098,28401,2454,3375,2140,0,0,0,0,0,0,0,506,35.380491607097,08/05/2015 04:42,0
Liverpool West Derby,Lab,63651,41031,132,64.66984022246311,27367,2710,30842,959,3475,996,0,0,0,0,0,0,0,2049,42.2236271908409,08/05/2015 04:40,0
Loughborough,Con,75217,52020,210,69.43908956751798,9183,25762,16579,2130,5704,1845,0,0,0,0,0,0,0,0,9.905847539293,08/05/2015 06:09,60.7477769
Louth And Horncastle,Con,74870,50336,236,67.54641378389208,14977,25755,9077,2255,10778,1549,0,0,0,0,0,0,0,922,24.9724200783984,08/05/2015 07:35,0
Ludlow,Con,66374,48063,120,72.59318407810287,18929,26093,5902,6469,7164,2435,0,0,0,0,0,0,0,0,20.0024714941843,08/05/2015 03:37,0
Luton North,Lab,67329,42571,291,63.66053260853421,9504,12739,22243,1299,5318,972,0,0,0,0,0,0,0,0,22.1766360477336,08/05/2015 11:31,100
Luton South,Lab,67741,42216,431,62.95596462998775,5711,12949,18660,3183,5129,1237,0,0,0,0,0,0,0,1058,20.3575886131144,08/05/2015 12:14,94.6910755
Macclesfield,Con,71712,49598,248,69.50858991521642,14811,26063,11252,3842,6037,2404,0,0,0,0,0,0,0,0,10.6832239546898,08/05/2015 08:38,0
Maidenhead,Con,74187,53855,183,72.84025503120492,29059,35453,6394,5337,4539,1915,0,0,0,0,0,0,0,217,8.43373111944745,08/05/2015 06:04,63.4687574
Maidstone And The Weald,Con,73181,50010,111,68.48908869788606,10709,22745,5268,12036,7930,1396,0,0,0,0,0,0,0,635,15.097834528107,08/05/2015 06:04,69.6032455
Makerfield,Lab,74320,44788,131,60.43998923573736,13155,8752,23208,1639,10053,1136,0,0,0,0,0,0,0,0,25.5801971063552,08/05/2015 03:40,35.9950884
Maldon,Con,69066,48045,175,69.81727622853502,22070,29112,5690,2157,7042,1504,0,0,0,0,0,0,0,2540,15.9620388033276,08/05/2015 08:45,0.7167826
Manchester Central,Lab,86078,45331,229,52.9287390506285,21639,6133,27772,1867,5033,3838,0,0,0,0,0,0,0,688,46.9103046084207,08/05/2015 05:52,100
Manchester Gorton,Lab,72992,42019,275,57.943336256028054,24079,4063,28187,1782,3434,4108,0,0,0,0,0,0,0,445,41.5771156483559,08/05/2015 05:00,0
Manchester Withington,Lab,74102,49966,252,67.76875118080483,14873,4872,26843,11970,2172,4048,0,0,0,0,0,0,0,61,25.2559349213413,08/05/2015 05:28,0
Mansfield,Lab,77534,47193,136,61.042897309567415,5315,13288,18603,1642,11850,1486,0,0,0,0,0,0,0,324,30.5354302235421,08/05/2015 06:31,69.5909154
Meon Valley,Con,72738,51717,103,71.24199180620859,23913,31578,5656,4987,7665,1831,0,0,0,0,0,0,0,0,11.8561095123671,08/05/2015 08:44,0
Meriden,Con,81928,52603,161,64.40289034273997,18795,28791,9996,2638,8908,2170,0,0,0,0,0,0,0,100,12.916127915422,08/05/2015 06:37,76.1811131
Mid Bedfordshire,Con,78501,58060,228,74.2512834231411,23327,32544,9217,4193,8966,2462,0,0,0,0,0,0,0,678,11.0074557503787,08/05/2015 07:42,3.407808
Mid Derbyshire,Con,67477,47729,116,70.90564192243282,12774,24908,12134,2292,6497,1898,0,0,0,0,0,0,0,0,9.53930046618284,08/05/2015 04:35,46.228249
Mid Dorset And North Poole,Con,64299,46499,137,72.52989937635111,10530,23639,2767,13109,5663,1321,0,0,0,0,0,0,0,0,12.1591543362211,08/05/2015 07:26,56.0277243
Mid Norfolk,Con,77154,52212,239,67.98221738341499,17276,27206,9585,3300,9930,2191,0,0,0,0,0,0,0,0,17.9496789129271,08/05/2015 05:27,0
Mid Sussex,Con,81034,57492,252,71.25897771305871,24286,32268,7982,6604,6898,2453,0,0,0,0,0,0,0,1287,8.96119937530629,08/05/2015 07:12,0
Mid Worcestershire,Con,73069,52225,199,71.74588402742613,20532,29763,7548,3750,9231,1933,0,0,0,0,0,0,0,0,15.6983262644393,08/05/2015 05:47,0.3213432
Middlesbrough,Lab,61873,32706,174,53.141111631891135,12477,5388,18584,1220,6107,1407,0,0,0,0,0,0,0,0,45.8756195869914,08/05/2015 07:32,100
Middlesbrough South And East Cleveland,Lab,71154,45677,158,64.41661747758384,2268,16925,19193,1564,6935,1060,0,0,0,0,0,0,0,0,24.3990894981089,08/05/2015 06:47,46.8370038
Milton Keynes North,Con,86826,57692,213,66.69085297030844,9753,27244,17491,3575,6852,2255,0,0,0,0,0,0,0,275,12.3789560720294,08/05/2015 06:59,72.8311728
Milton Keynes South,Con,89656,58949,215,65.99000624609619,8672,27601,18929,2309,7803,1936,0,0,0,0,0,0,0,371,17.7965075075964,08/05/2015 06:31,65.1074872
Mitcham And Morden,Lab,68474,45142,147,66.14043286502907,16922,10458,27380,1378,4287,1422,0,0,0,0,0,0,0,217,19.8410553089163,08/05/2015 02:41,100
Mole Valley,Con,74038,55140,192,74.73459574812934,25453,33434,4565,7981,6181,2979,0,0,0,0,0,0,0,0,12.1614527254383,08/05/2015 04:40,0
Morecambe And Lunesdale,Con,66985,43242,143,64.76823169366276,4590,19691,15101,1612,5358,1395,0,0,0,0,0,0,0,85,14.9739132801293,08/05/2015 08:28,0
Morley And Outwood,Con,75820,48250,139,63.82089158533368,422,18776,18354,1426,7951,1264,0,0,0,0,0,0,0,479,19.4991054458414,08/05/2015 08:18,63.5675599
New Forest East,Con,72697,49447,184,68.27104282157448,19162,27819,6018,4626,8657,2327,0,0,0,0,0,0,0,0,17.1839800019229,08/05/2015 04:43,0
New Forest West,Con,68446,47410,190,69.54387400286357,20604,28420,5133,3293,7816,2748,0,0,0,0,0,0,0,0,15.5333514484217,08/05/2015 04:51,0
Newark,Con,73747,52302,165,71.14458893243115,18474,29834,11360,2385,6294,1792,0,0,0,0,0,0,0,637,14.8996663829232,08/05/2015 06:12,0
Newbury,Con,79512,57300,205,72.32241674212698,26368,34973,4837,8605,6195,2324,0,0,0,0,0,0,0,366,11.960982168643,08/05/2015 12:52,0
Newcastle-Under-Lyme,Lab,67619,42997,125,63.77201674085686,650,15870,16520,1826,7252,1246,0,0,0,0,0,0,0,283,14.7963475091861,08/05/2015 05:48,83.7264958
Newcastle Upon Tyne Central,Lab,58147,35085,97,60.50527112318779,12673,6628,19301,2218,5214,1724,0,0,0,0,0,0,0,0,37.4196922265566,08/05/2015 01:15,99.7506452
Newcastle Upon Tyne East,Lab,64243,39222,127,61.25025294584624,12494,6884,19378,4332,4910,3426,0,0,0,0,0,0,0,292,32.8604238464719,08/05/2015 01:04,100
Newcastle Upon Tyne North,Lab,67902,44891,155,66.33972489764662,10153,10536,20689,4366,7447,1515,0,0,0,0,0,0,0,338,20.4021110081091,08/05/2015 01:40,83.4214419
Newton Abbot,Con,69928,48253,200,69.28984097929299,11234,22794,4736,11560,6726,2216,0,0,0,0,0,0,0,221,13.8970399783906,08/05/2015 05:50,0
Normanton Pontefract And Castleford,Lab,82592,45897,183,55.79232855482371,15428,9569,25213,1330,9785,0,0,0,0,0,0,0,0,0,27.1901383532965,08/05/2015 05:16,0
North Cornwall,Con,67192,48245,45,71.86867484224312,6621,21689,2621,15068,6121,2063,0,0,0,0,0,0,0,683,23.9576616712427,08/05/2015 05:52,0
North Devon,Con,74737,52320,133,70.18344327441561,6936,22341,3699,15405,7719,3018,0,0,0,0,0,0,0,138,21.0389980959882,08/05/2015 06:51,0
North Dorset,Con,73759,53385,160,72.59453083691481,21118,30227,4785,6226,9109,3038,0,0,0,0,0,0,0,0,16.9968146098579,08/05/2015 07:39,0
North Durham,Lab,65359,40146,60,61.51562906409217,13644,8403,22047,2046,6404,1246,0,0,0,0,0,0,0,0,23.7810633707322,08/05/2015 03:08,0.3784005
North East Bedfordshire,Con,83551,58672,195,70.45636796687053,25644,34891,9247,3418,8579,2537,0,0,0,0,0,0,0,0,13.0245461708671,08/05/2015 09:37,4.6822097
North East Cambridgeshire,Con,82990,51780,226,62.66538137124955,16874,28524,7476,2314,11650,1816,0,0,0,0,0,0,0,0,23.3850698526341,08/05/2015 07:52,0
North East Derbyshire,Lab,71445,47948,147,67.31751697109665,1883,17605,19488,2004,7631,1059,0,0,0,0,0,0,0,161,15.8409253322401,08/05/2015 06:46,6.6127238
North East Hampshire,Con,76918,54000,198,70.46205049533269,29916,35573,5290,5657,4732,2364,0,0,0,0,0,0,0,384,10.5171407503811,08/05/2015 04:39,0.519695
North East Hertfordshire,Con,74000,52287,196,70.92297297297297,19080,28949,9869,3952,6728,2789,0,0,0,0,0,0,0,0,11.6255985991298,08/05/2015 03:24,0
North East Somerset,Con,69380,51110,153,73.88728740270972,12749,25439,12690,4029,6150,2802,0,0,0,0,0,0,0,0,10.7056965760062,08/05/2015 05:30,8.6687605
North Herefordshire,Con,67926,48023,190,70.9787121279039,19996,26716,5478,5768,6720,3341,0,0,0,0,0,0,0,0,18.900156101789,08/05/2015 05:04,2.6178953
North Norfolk,LD,68867,49414,136,71.95028097637474,4043,15256,5043,19299,8328,1488,0,0,0,0,0,0,0,0,22.0804443276746,08/05/2015 07:03,0
North Shropshire,Con,78858,52573,116,66.81503461918892,16494,27041,10547,3148,9262,2575,0,0,0,0,0,0,0,0,18.4207620257739,08/05/2015 03:45,0
North Somerset,Con,80161,58942,220,73.80396951135839,23099,31540,8441,7486,7669,3806,0,0,0,0,0,0,0,0,9.4714030430996,08/05/2015 07:34,0
North Swindon,Con,80983,52242,148,64.69258980279811,11786,26295,14509,1704,8011,1723,0,0,0,0,0,0,0,0,12.2853209387683,08/05/2015 00:46,88.6351385
North Thanet,Con,71478,47053,161,66.05389070763033,10948,23045,8411,1645,12097,1719,0,0,0,0,0,0,0,136,21.1557944063497,08/05/2015 10:04,46.8238082
North Tyneside,Lab,79300,46818,137,59.21185372005044,17194,8997,26191,2075,7618,1442,0,0,0,0,0,0,0,495,24.715952559569,08/05/2015 04:59,8.4988484
North Warwickshire,Con,70152,47377,137,67.7300718439959,2973,20042,17069,978,8256,894,0,0,0,0,0,0,0,138,17.9822905281865,08/05/2015 03:06,7.926397
North West Cambridgeshire,Con,90318,61100,180,67.84915520715693,19795,32070,10927,3479,12275,2159,0,0,0,0,0,0,0,190,13.8239951854753,08/05/2015 05:19,47.4811532
North West Durham,Lab,69816,42818,94,61.46442076314885,10056,10018,20074,3894,7265,1567,0,0,0,0,0,0,0,0,19.7926998746034,08/05/2015 03:09,0
North West Hampshire,Con,79223,55195,200,69.92287593249435,23943,32052,7342,5151,8109,2541,0,0,0,0,0,0,0,0,11.8055821321827,08/05/2015 05:02,0
North West Leicestershire,Con,72193,51548,170,71.63852451068664,11373,25505,14132,2033,8704,1174,0,0,0,0,0,0,0,0,13.5878214740972,08/05/2015 04:55,0
North West Norfolk,Con,74402,47371,226,63.97274266820785,13948,24727,10779,1673,8412,1780,0,0,0,0,0,0,0,0,23.2329979146787,08/05/2015 08:00,0
North Wiltshire,Con,67851,50556,111,74.67391784940531,21046,28938,4930,7892,5813,2350,0,0,0,0,0,0,0,633,11.7461198199389,08/05/2015 05:00,0.2943238
Northampton North,Con,59144,39411,112,66.82503719734885,3245,16699,13454,1401,6354,1503,0,0,0,0,0,0,0,0,23.5295501053333,08/05/2015 05:03,100
Northampton South,Con,61287,38884,161,63.708453668804154,3793,16163,12370,1673,7114,1403,0,0,0,0,0,0,0,161,29.5735360538582,08/05/2015 05:07,100
Norwich North,Con,64515,43592,173,67.83693714640006,4463,19052,14589,1894,5986,1939,0,0,0,0,0,0,0,132,16.8024036315492,08/05/2015 07:55,100
Norwich South,Lab,74875,48463,177,64.96160267111854,7654,11379,19033,6607,4539,6749,0,0,0,0,0,0,0,156,21.5487773534728,08/05/2015 05:17,100
Nottingham East,Lab,60464,35209,253,58.649775072770574,11894,7314,19208,1475,3501,3473,0,0,0,0,0,0,0,238,34.3686182343181,08/05/2015 06:42,97.7857083
Nottingham North,Lab,65918,35343,22,53.64998938074578,11860,7423,19283,847,6542,1088,0,0,0,0,0,0,0,160,43.2183521606502,08/05/2015 06:35,100
Nottingham South,Lab,68987,43465,234,63.34381840056822,6936,13761,20697,1532,4900,2345,0,0,0,0,0,0,0,230,23.705269250896,08/05/2015 06:23,76.0638799
Nuneaton,Con,68037,45749,75,67.35158810647148,4882,20827,15945,816,6582,1281,0,0,0,0,0,0,0,298,21.15319760398,08/05/2015 01:51,94.9874524
Old Bexley And Sidcup,Con,66035,46748,105,70.95176800181721,15803,24682,8879,1644,8528,1336,0,0,0,0,0,0,0,1679,14.1339044475935,08/05/2015 04:34,99.8098625
Oldham East And Saddleworth,Lab,71475,44483,178,62.48478488982162,6002,11527,17529,5718,8557,1152,0,0,0,0,0,0,0,0,16.1067871369749,08/05/2015 05:37,50.2126805
Oldham West And Royton,Lab,71652,43137,202,60.48540166359627,14738,8187,23630,1589,8892,839,0,0,0,0,0,0,0,0,29.4914941507227,08/05/2015 04:53,47.2713247
Orpington,Con,68129,49032,94,72.1073258083929,19979,28152,7645,3330,8173,1732,0,0,0,0,0,0,0,0,14.8501797060995,08/05/2015 04:38,95.4995588
Oxford East,Lab,78978,50689,165,64.3900833143407,15280,10076,25356,5453,3451,5890,0,0,0,0,0,0,0,463,16.884259055896,08/05/2015 02:10,100
Oxford West And Abingdon,Con,76174,57247,153,75.3537952582246,9582,26153,7274,16571,3963,2497,0,0,0,0,0,0,0,789,8.10036739839786,08/05/2015 06:46,36.1601073
Pendle,Con,64573,44448,198,69.14035277902529,5453,20978,15525,1487,5415,1043,0,0,0,0,0,0,0,0,15.0234952226598,08/05/2015 04:54,0
Penistone And Stocksbridge,Lab,70817,46854,206,66.45297033198243,6723,12968,19691,2957,10738,0,0,0,0,0,0,0,0,500,13.5547913169076,08/05/2015 05:59,19.2214303
Penrith And The Border,Con,65209,43921,143,67.57349445628671,19894,26202,6308,3745,5353,2313,0,0,0,0,0,0,0,0,18.3928477368877,08/05/2015 05:49,0.5786812
Peterborough,Con,72530,47075,177,65.14821453191783,1925,18684,16759,1774,7485,1218,0,0,0,0,0,0,0,1155,25.8552067200385,08/05/2015 02:49,90.9969867
Plymouth Moor View,Con,68246,42606,85,62.55458195352108,1026,16020,14994,1265,9152,1023,0,0,0,0,0,0,0,152,27.1866441815657,08/05/2015 05:32,0
Plymouth Sutton And Devonport,Con,73274,47963,157,65.67131588285066,523,18120,17597,2008,6731,3401,0,0,0,0,0,0,0,106,31.7790194761406,08/05/2015 07:31,0
Poole,Con,72557,47393,138,65.50849676805821,15789,23745,6102,5572,7956,2198,0,0,0,0,0,0,0,1820,14.8119664280207,08/05/2015 06:52,100
Poplar And Limehouse,Lab,82081,51044,202,62.433449884869816,16924,12962,29886,2149,3128,2463,0,0,0,0,0,0,0,456,24.9369723355329,08/05/2015 05:00,100
Portsmouth North,Con,73105,45390,157,62.30353600984885,10537,21343,10806,2828,8660,1450,0,0,0,0,0,0,0,303,22.5709302074769,08/05/2015 06:17,100
Portsmouth South,Con,71639,41903,185,58.750122140175044,5241,14585,8184,9344,5595,3145,0,0,0,0,0,0,0,1050,28.5676765161402,08/05/2015 06:11,100
Preston,Lab,59981,33469,140,56.03274370217235,12067,6688,18755,1244,5139,1643,0,0,0,0,0,0,0,0,39.0553299848157,08/05/2015 04:48,91.046723600000007
Pudsey,Con,70533,50927,134,72.39306423943403,4501,23637,19136,1926,4689,1539,0,0,0,0,0,0,0,0,12.3932277180574,08/05/2015 07:24,14.3512
Putney,Con,63923,42813,115,67.15579681804671,10180,23018,12838,2717,1989,2067,0,0,0,0,0,0,0,184,16.6763956100821,08/05/2015 00:55,100
Rayleigh And Wickford,Con,77174,53220,136,69.13727421152201,17230,29088,6705,1622,11858,1529,0,0,0,0,0,0,0,2418,14.6204385466447,08/05/2015 04:44,11.5860685
Reading East,Con,73232,50494,191,69.21154686475857,6520,23217,16697,3719,3647,3214,0,0,0,0,0,0,0,0,12.3115566194672,08/05/2015 07:33,83.0942695
Reading West,Con,72567,48404,119,66.86648200972894,6650,23082,16432,2355,4826,1406,0,0,0,0,0,0,0,303,13.5665995852997,08/05/2015 07:23,93.699591
Redcar,Lab,64826,40919,163,63.37272082189245,10388,6630,17946,7558,7516,880,0,0,0,0,0,0,0,389,31.382047633867,08/05/2015 03:38,42.9107527
Redditch,Con,65531,44098,124,67.48256550334956,7054,20771,13717,1349,7133,960,0,0,0,0,0,0,0,168,14.7958371688029,08/05/2015 06:05,91.3987041
Reigate,Con,73429,51349,165,70.15484345422108,22334,29151,6578,5369,6817,3434,0,0,0,0,0,0,0,0,10.7783895671918,08/05/2015 04:36,5.728974
Ribble Valley,Con,77379,52243,168,67.7328474133809,13606,25404,11798,2756,8250,2193,0,0,0,0,0,0,0,1842,13.7132283799612,08/05/2015 05:27,37.8461414
Richmond Park,Con,77303,59101,146,76.64256238438352,23015,34404,7296,11389,2464,3548,0,0,0,0,0,0,0,0,9.84287725202263,08/05/2015 04:07,100
Richmond Yorks,Con,79062,53999,164,68.50699451063721,19550,27744,7124,3465,8194,2313,0,0,0,0,0,0,0,5159,13.6010458484167,08/05/2015 07:39,0
Rochdale,Lab,77248,45430,240,59.121271748135875,12442,7742,20961,4667,8519,1382,0,0,0,0,0,0,0,2159,25.5744304258372,08/05/2015 04:05,73.9621304
Rochester And Strood,Con,77119,52516,164,68.31001439334015,7133,23142,10396,1251,16009,1516,0,0,0,0,0,0,0,202,19.761525042613,08/05/2015 08:11,74.1378087
Rochford And Southend East,Con,71935,43608,164,60.84937791061375,9476,20241,10765,1459,8948,2195,0,0,0,0,0,0,0,0,19.779157264073,08/05/2015 03:23,84.9572255
Romford,Con,72594,49178,159,67.96291704548585,13859,25067,10268,1413,11208,1222,0,0,0,0,0,0,0,0,18.2629547119141,08/05/2015 05:20,100
Romsey And Southampton North,Con,66519,48398,141,72.97012883537035,17712,26285,5749,8573,5511,2280,0,0,0,0,0,0,0,0,12.5169931011187,08/05/2015 05:57,48.2076569
Rossendale And Darwen,Con,73779,49024,140,66.63684788354409,5654,22847,17193,806,6862,1046,0,0,0,0,0,0,0,270,16.5376612936279,08/05/2015 04:37,5.7288997
Rother Valley,Lab,74275,47019,195,63.566475934028944,7297,10945,20501,1992,13204,0,0,0,0,0,0,0,0,377,22.2957387474203,08/05/2015 05:03,19.7907241
Rotherham,Lab,63698,37823,153,59.618826336776664,8446,4656,19860,1093,11414,0,0,0,0,0,0,0,0,800,31.887139656747,08/05/2015 03:38,92.0770545
Rugby,Con,71655,49006,93,68.52138720256787,10345,24040,13695,2776,6855,1415,0,0,0,0,0,0,0,225,14.5529001108841,08/05/2015 06:14,72.7840722
Ruislip Northwood And Pinner,Con,73216,51222,159,70.17728365384616,20224,30521,10297,2537,5598,1801,0,0,0,0,0,0,0,468,13.1986378775856,08/05/2015 06:10,0
Runnymede And Weybridge,Con,73771,50052,182,68.09450868227353,22134,29901,7767,3362,6951,2071,0,0,0,0,0,0,0,0,10.6094333940861,08/05/2015 04:43,9.4477974
Rushcliffe,Con,73278,55164,289,75.67482736974263,13829,28354,14525,2783,5943,3559,0,0,0,0,0,0,0,0,8.12025077362512,08/05/2015 06:52,0
Rutland And Melton,Con,79693,54603,214,68.78521325586941,21705,30383,8383,4407,8678,2325,0,0,0,0,0,0,0,427,11.9853139859086,08/05/2015 06:15,5.4905874
Saffron Walden,Con,80615,57563,219,71.6764870061403,24991,32926,6791,6079,7935,2174,0,0,0,0,0,0,0,1658,11.3349789493573,08/05/2015 06:02,4.757698
Salford And Eccles,Lab,74291,43261,201,58.50237579249169,12541,8823,21364,1614,7806,2251,0,0,0,0,0,0,0,1403,35.0782283873279,08/05/2015 05:33,71.289177
Salisbury,Con,69582,50705,68,72.96858382915121,20421,28192,7771,5099,6152,2762,0,0,0,0,0,0,0,729,13.2748732926857,08/05/2015 03:47,0
Scarborough And Whitby,Con,73511,47739,186,65.19432465889459,6200,20613,14413,2159,8162,2185,0,0,0,0,0,0,0,207,18.7464357579561,08/05/2015 05:23,63.5351311
Scunthorpe,Lab,64025,36941,133,57.90550566185084,3134,12259,15393,770,6329,887,0,0,0,0,0,0,0,1303,18.8490234419081,08/05/2015 04:50,86.0663092
Sedgefield,Lab,62844,38716,96,61.75927693972376,6843,11432,18275,1370,6426,1213,0,0,0,0,0,0,0,0,18.3440857907127,08/05/2015 03:47,1.4580888
Sefton Central,Lab,67744,49021,200,72.65735710911667,11846,14513,26359,2086,4879,1184,0,0,0,0,0,0,0,0,17.0736283745271,08/05/2015 05:54,7.5403414
Selby And Ainsty,Con,76082,52804,172,69.63013590599616,13557,27725,14168,1920,7389,1465,0,0,0,0,0,0,0,137,10.9036639731408,08/05/2015 06:06,0
Sevenoaks,Con,71958,50124,231,69.97832068706745,19561,28531,6448,3937,8970,2238,0,0,0,0,0,0,0,0,12.0577197383581,08/05/2015 04:58,0
Sheffield Brightside And Hillsborough,Lab,70874,40053,149,56.72319891638683,13807,4407,22663,1802,8856,1712,0,0,0,0,0,0,0,613,42.5398139328792,08/05/2015 05:29,0
Sheffield Central,Lab,72321,44173,199,61.35424012389209,17309,4917,24308,4278,3296,6999,0,0,0,0,0,0,0,375,27.8772016384142,08/05/2015 05:04,100
Sheffield Hallam,LD,72351,55481,121,76.85035452170668,2353,7544,19862,22215,3575,1772,0,0,0,0,0,0,0,513,9.55890599027197,08/05/2015 04:52,0
Sheffield Heeley,Lab,67950,42048,131,62.07358351729213,12954,6792,20269,4746,7315,2566,0,0,0,0,0,0,0,360,27.9578484405171,08/05/2015 05:16,0
Sheffield South East,Lab,70422,41685,108,59.34651103348385,12311,7242,21439,2226,9128,1117,0,0,0,0,0,0,0,533,31.5295273565779,08/05/2015 05:21,99.5618495
Sherwood,Con,73349,50698,127,69.29201488772853,4647,22833,18186,1094,7399,1108,0,0,0,0,0,0,0,78,17.4452432597298,08/05/2015 06:01,6.9286946
Shipley,Con,70464,50542,120,71.89770663033606,9624,25269,15645,1949,4479,2657,0,0,0,0,0,0,0,543,14.8134090219546,08/05/2015 07:10,3.9988741
Shrewsbury And Atcham,Con,76400,54102,113,70.96204188481676,9565,24628,15063,4268,7813,2247,0,0,0,0,0,0,0,83,17.3427974624611,08/05/2015 03:47,70.0488495
Sittingbourne And Sheppey,Con,76018,49378,167,65.17535320581968,12168,24425,9673,1563,12257,1185,0,0,0,0,0,0,0,275,31.2571867202305,08/05/2015 07:35,0.387843
Skipton And Ripon,Con,76645,54559,199,71.44366886293952,20761,30248,9487,4057,7651,3116,0,0,0,0,0,0,0,0,13.3825336925335,08/05/2015 05:49,0
Sleaford And North Hykeham,Con,87972,61944,225,70.66907652434867,24115,34805,10690,3500,9716,0,0,0,0,0,0,0,0,3233,13.8259308668916,08/05/2015 05:24,2.0924741
Slough,Lab,86366,48275,260,56.19688303267489,7336,16085,23421,1275,6274,1220,0,0,0,0,0,0,0,0,21.392376809053,08/05/2015 05:17,100
Solihull,Con,77956,54779,140,70.44871465955154,12902,26956,5693,14054,6361,1632,0,0,0,0,0,0,0,83,12.0292326581669,08/05/2015 05:53,100
Somerton And Frome,Con,83281,60309,168,72.61800410657892,20268,31960,4419,11692,6439,5434,0,0,0,0,0,0,0,365,15.9294791802525,08/05/2015 05:37,0
South Basildon And East Thurrock,Con,71155,45593,106,64.22458014194365,7691,19788,11493,1356,12097,0,0,0,0,0,0,0,0,859,17.6185735619891,08/05/2015 04:06,55.7281788
South Cambridgeshire,Con,84132,61540,259,73.4548091094946,20594,31454,10860,9368,6010,3848,0,0,0,0,0,0,0,0,10.3075704908561,08/05/2015 05:02,15.6461997
South Derbyshire,Con,73923,50762,190,68.92577411631021,11471,25066,13595,1887,8998,1216,0,0,0,0,0,0,0,0,12.7202609422661,08/05/2015 03:53,7.6414775
South Dorset,Con,71534,48597,140,68.1312382922806,11994,23756,11762,2901,7304,2275,0,0,0,0,0,0,0,599,17.2557871378577,08/05/2015 06:48,0
South East Cambridgeshire,Con,84570,59506,203,70.60305072720823,16837,28845,9013,12008,6593,3047,0,0,0,0,0,0,0,0,11.6081909256455,08/05/2015 06:33,12.9040602
South East Cornwall,Con,71071,50498,78,71.16264017672468,16995,25516,4692,8521,7698,2718,0,0,0,0,0,0,0,1353,23.5277197497424,08/05/2015 06:42,0
South Holland And The Deepings,Con,76460,49207,160,64.56578603191211,18567,29303,6122,1466,10736,1580,0,0,0,0,0,0,0,0,20.8565036093818,08/05/2015 04:40,0
South Leicestershire,Con,76851,53926,300,70.5599146400177,16824,28700,11876,3987,9363,0,0,0,0,0,0,0,0,0,9.92901136202178,08/05/2015 07:17,22.4796373
South Norfolk,Con,80721,57123,221,71.03975421513609,20493,30995,10502,4689,7847,3090,0,0,0,0,0,0,0,0,15.8545775406033,08/05/2015 04:34,2.9520155
South Northamptonshire,Con,85781,60862,187,71.16844056376121,26416,36607,10191,3613,8204,2247,0,0,0,0,0,0,0,0,9.14780285010325,08/05/2015 07:07,29.2360123
South Ribble,Con,76489,52370,162,68.67915648001673,5945,24313,18368,2312,7377,0,0,0,0,0,0,0,0,0,11.6259307379707,08/05/2015 06:02,23.054789800000002
South Shields,Lab,62730,36265,81,57.94037940379404,10614,6021,18589,639,7975,1614,0,0,0,0,0,0,0,1427,28.2656401408802,08/05/2015 02:34,89.3779145
South Staffordshire,Con,72771,49598,153,68.36651963007242,20371,29478,9107,1448,8267,1298,0,0,0,0,0,0,0,0,12.6637482415164,08/05/2015 06:35,19.5391715
South Suffolk,Con,73836,51907,179,70.54282463838778,17545,27546,10001,4044,7897,2253,0,0,0,0,0,0,0,166,13.9414841785321,08/05/2015 07:18,5.1767245
South Swindon,Con,73926,49263,147,66.83710737764792,5785,22777,16992,1817,5920,1757,0,0,0,0,0,0,0,0,11.1261060155362,08/05/2015 02:41,85.0136495
South Thanet,Con,70970,49401,163,69.83795970128224,2812,18838,11740,932,16026,1076,0,0,0,0,0,0,0,789,18.2867454165095,08/05/2015 10:45,18.4806819
South West Bedfordshire,Con,79285,51304,244,65.016081225957,17813,28212,10399,2646,7941,2106,0,0,0,0,0,0,0,0,16.6200863843971,08/05/2015 08:32,6.2253764
South West Devon,Con,71035,50372,122,71.08326881114944,20109,28500,8391,3767,7306,2408,0,0,0,0,0,0,0,0,14.4798910388065,08/05/2015 07:53,37.0803391
South West Hertfordshire,Con,79668,57267,174,72.10046693779184,23263,32608,9345,5872,6603,2583,0,0,0,0,0,0,0,256,7.03811787362999,08/05/2015 04:38,13.7981092
South West Norfolk,Con,76970,50110,192,65.35273483175263,13861,25515,8649,2217,11654,2075,0,0,0,0,0,0,0,0,22.1716024086502,08/05/2015 08:08,0
South West Surrey,Con,77548,57119,247,73.97482849332026,28556,34199,5415,3586,5643,3105,0,0,0,0,0,0,0,5171,8.73858722272309,08/05/2015 06:46,0
South West Wiltshire,Con,73018,51643,108,70.87430496589882,18168,27198,6948,5482,9030,2985,0,0,0,0,0,0,0,0,16.3482312876607,08/05/2015 03:48,0
Southampton Itchen,Con,72281,44710,115,62.014914016131485,2316,18656,16340,1595,6010,1876,0,0,0,0,0,0,0,233,26.0401145996304,08/05/2015 04:58,0
Southampton Test,Lab,70270,43652,147,62.32958588302263,3810,14207,18017,2121,5566,2568,0,0,0,0,0,0,0,1173,27.341461265189,08/05/2015 05:01,0
Southend West,Con,66876,44509,145,66.77133799868413,14021,22175,8154,4129,7803,2083,0,0,0,0,0,0,0,165,15.3735124649693,08/05/2015 03:12,100
Southport,LD,67326,44101,171,65.75765677450019,1322,12330,8468,13652,7429,1230,0,0,0,0,0,0,0,992,21.1698828065206,08/05/2015 04:41,100
Spelthorne,Con,71592,49079,191,68.82053860766565,14152,24386,9114,3163,10234,1724,0,0,0,0,0,0,0,458,15.501594933985,08/05/2015 07:25,45.2700653
St Albans,Con,75825,54433,156,71.99340586877679,12732,25392,12660,10076,4271,2034,0,0,0,0,0,0,0,0,10.6841455842816,08/05/2015 05:30,86.7996414
St Austell And Newquay,Con,76607,50361,95,65.86343284556241,8173,20250,5150,12077,8503,2318,0,0,0,0,0,0,0,2063,22.2088009296205,08/05/2015 07:11,0
St Helens North,Lab,75262,46256,192,61.71507533682337,17291,9087,26378,2046,6983,1762,0,0,0,0,0,0,0,0,21.5656419694743,08/05/2015 04:42,40.3643865
St Helens South And Whiston,Lab,77720,48397,171,62.49099330931549,21243,7707,28950,2737,6766,2237,0,0,0,0,0,0,0,0,29.7665587037414,08/05/2015 03:50,64.3042856
St Ives,Con,65570,48312,78,73.79899344212292,2469,18491,4510,16022,5720,3051,0,0,0,0,0,0,0,518,22.9083419468985,08/05/2015 15:26,0
Stafford,Con,68705,48767,173,71.23207917909905,9177,23606,14429,1348,6293,1390,0,0,0,0,0,0,0,1701,12.2844917382285,08/05/2015 07:03,72.2383111
Staffordshire Moorlands,Con,63104,42587,126,67.68667596348884,10174,21770,11596,1759,6236,1226,0,0,0,0,0,0,0,0,17.3170035355421,08/05/2015 06:25,15.1273479
Stalybridge And Hyde,Lab,71357,41034,201,57.786902476281234,6686,11761,18447,1256,7720,1850,0,0,0,0,0,0,0,0,28.8119344302586,08/05/2015 08:46,0
Stevenage,Con,70597,47799,127,67.88673739677323,4955,21291,16336,1582,6864,1369,0,0,0,0,0,0,0,357,12.5065728210956,08/05/2015 04:38,89.3633397
Stockport,Lab,63931,39649,135,62.2295912780967,10061,9710,19771,3034,5206,1753,0,0,0,0,0,0,0,175,32.3801558271783,08/05/2015 05:52,91.5670411
Stockton North,Lab,66126,39571,212,60.16241720352055,8367,11069,19436,884,7581,0,0,0,0,0,0,0,0,601,24.2215848223368,08/05/2015 03:42,53.898097
Stockton South,Con,75111,51797,147,69.15631531999308,5046,24221,19175,1366,5480,952,0,0,0,0,0,0,0,603,13.9251699365168,08/05/2015 04:32,32.9472517
Stoke-On-Trent Central,Lab,60634,31084,150,51.512352805356734,5179,7008,12220,1296,7041,1123,0,0,0,0,0,0,0,2396,37.2042085758748,08/05/2015 06:06,100
Stoke-On-Trent North,Lab,71438,38654,168,54.34362664128335,4836,10593,15429,1137,9542,1091,0,0,0,0,0,0,0,862,30.5744552021353,08/05/2015 08:45,78.5136958
Stoke-On-Trent South,Lab,68091,39107,159,57.66694570501241,2539,12780,15319,1309,8298,1029,0,0,0,0,0,0,0,372,27.8398967636349,08/05/2015 09:00,100
Stone,Con,67339,47031,138,70.04707524614265,16250,25733,9483,2473,7620,1191,0,0,0,0,0,0,0,531,13.1716098240294,08/05/2015 07:55,12.2347359
Stourbridge,Con,69077,46029,103,66.78344456186575,6694,21195,14501,1538,7774,1021,0,0,0,0,0,0,0,0,19.0873004250966,08/05/2015 05:09,70.6715237
Stratford-On-Avon,Con,71304,51459,157,72.3886457982722,22876,29674,6677,6182,6798,2128,0,0,0,0,0,0,0,0,12.1169003069516,08/05/2015 05:13,0
Streatham,Lab,79137,49933,155,63.29277076462338,13934,12540,26474,4491,1602,4421,0,0,0,0,0,0,0,405,22.4296518266201,08/05/2015 03:15,100
Stretford And Urmston,Lab,69026,46386,183,67.46588242111669,11685,12916,24601,1362,5068,2187,0,0,0,0,0,0,0,252,24.4247900925623,08/05/2015 06:09,22.349839
Stroud,Con,80544,60819,121,75.66050854191498,4866,27813,22947,2086,4848,2779,0,0,0,0,0,0,0,346,9.97886622071353,08/05/2015 03:51,6.1450099
Suffolk Coastal,Con,77816,55594,168,71.65878482574279,18842,28855,10013,4777,8655,3294,0,0,0,0,0,0,0,0,18.3889495178057,08/05/2015 06:52,2.0963229
Sunderland Central,Lab,72950,41762,166,57.47498286497601,11179,9780,20959,1105,7997,1706,0,0,0,0,0,0,0,215,31.2850717902184,07/05/2015 23:16,100
Surrey Heath,Con,79515,54431,252,68.7706722002138,24804,32582,6100,4937,7778,2400,0,0,0,0,0,0,0,634,7.65972261441039,08/05/2015 07:33,14.6779904
Sutton And Cheam,Con,69228,49905,116,72.2554457733865,3921,20732,5546,16811,5341,1051,0,0,0,0,0,0,0,424,9.25929470165916,08/05/2015 04:35,100
Sutton Coldfield,Con,74956,50854,173,68.07593788355835,16417,27782,11365,2627,7489,1426,0,0,0,0,0,0,0,165,14.1502209905547,08/05/2015 04:50,99.4407135
Tamworth,Con,71913,47174,105,65.74471931361506,11302,23606,12304,1427,8727,1110,0,0,0,0,0,0,0,0,13.8233093516915,08/05/2015 04:37,79.8695198
Tatton,Con,65004,45298,185,69.96954033597932,18241,26552,8311,3850,4871,1714,0,0,0,0,0,0,0,0,13.3532623777501,08/05/2015 07:04,0
Taunton Deane,Con,83221,57887,158,69.74802033140674,15491,27849,5347,12358,6921,2630,0,0,0,0,0,0,0,2782,15.4967602176019,08/05/2015 07:09,53.6216076
Telford,Con,66166,40645,214,61.75225946860926,730,16094,15364,927,7330,930,0,0,0,0,0,0,0,0,25.6892332444355,08/05/2015 04:41,97.4150509
Tewkesbury,Con,78910,55344,192,70.37891268533772,21972,30176,8204,7629,7128,2207,0,0,0,0,0,0,0,0,11.641516740932,08/05/2015 07:30,30.666501
The Cotswolds,Con,78290,56667,197,72.63252011751182,21477,32045,5240,10568,6188,2626,0,0,0,0,0,0,0,0,12.2532078510412,08/05/2015 12:36,0
The Wrekin,Con,65942,45437,206,69.21688756786267,10743,22579,11836,1959,7620,1443,0,0,0,0,0,0,0,0,13.3556250615152,08/05/2015 04:35,58.7705698
Thirsk And Malton,Con,77451,52365,170,67.82998282785245,19456,27545,8089,4703,7805,2404,0,0,0,0,0,0,0,1819,16.3854253268416,08/05/2015 07:18,0
Thornbury And Yate,Con,66066,48570,163,73.76411467320558,1495,19924,3775,18429,5126,1316,0,0,0,0,0,0,0,0,12.8874275561602,08/05/2015 05:39,0
Thurrock,Con,77559,49564,126,64.06735517477019,536,16692,16156,644,15718,0,0,0,0,0,0,0,0,354,26.2843366730344,08/05/2015 05:08,57.7423516
Tiverton And Honiton,Con,76270,53763,378,70.98597089288056,20173,29030,6835,5626,8857,3415,0,0,0,0,0,0,0,0,15.7875511524231,08/05/2015 07:54,0
Tonbridge And Malling,Con,74877,53670,162,71.8939060058496,23734,31887,7604,3660,8153,2366,0,0,0,0,0,0,0,0,13.0913224155327,08/05/2015 05:40,0
Tooting,Lab,76782,53529,212,69.99166471308381,2842,22421,25263,2107,1537,2201,0,0,0,0,0,0,0,0,17.0679224647325,08/05/2015 01:12,100
Torbay,Con,76350,48079,135,63.1486574983628,3286,19551,4166,16265,6540,1557,0,0,0,0,0,0,0,0,23.5716804129178,08/05/2015 04:39,49.2771753
Torridge And West Devon,Con,78621,56584,202,72.22752190890475,18403,28774,6015,7483,10371,3941,0,0,0,0,0,0,0,0,22.8776746302215,08/05/2015 10:52,0
Totnes,Con,68630,47097,170,68.87221331779105,18285,24941,5988,4667,6656,4845,0,0,0,0,0,0,0,0,17.2624059570216,08/05/2015 05:52,20.488441
Tottenham,Lab,70803,42558,213,60.4084572687598,23564,5090,28654,1756,1512,3931,0,0,0,0,0,0,0,1615,34.9350705012469,08/05/2015 03:13,100
Truro And Falmouth,Con,73601,51544,78,70.13763399953805,14000,22681,7814,8681,5967,4483,0,0,0,0,0,0,0,1918,20.0129884551798,08/05/2015 07:10,0
Tunbridge Wells,Con,73429,51428,165,70.26243037491999,22874,30181,7307,4342,6481,2659,0,0,0,0,0,0,0,458,11.9395044253607,08/05/2015 05:03,0
Twickenham,Con,80250,62004,122,77.41557632398754,2017,25580,7129,23563,3069,2463,0,0,0,0,0,0,0,200,9.63178147306505,08/05/2015 04:45,99.5637729
Tynemouth,Lab,77524,53495,126,69.16696764872813,8240,17551,25791,1595,6541,2017,0,0,0,0,0,0,0,0,16.2402535307575,08/05/2015 05:09,61.3934097
Uxbridge And South Ruislip,Con,70631,44811,103,63.58964194192352,10695,22511,11816,2215,6346,1414,0,0,0,0,0,0,0,509,15.5010812297463,08/05/2015 04:35,100
Vauxhall,Lab,82231,47941,234,58.584961875691654,12708,13070,25778,3312,1385,3658,0,0,0,0,0,0,0,738,27.4035058414235,08/05/2015 03:28,100
Wakefield,Lab,70521,42973,106,61.08676848031082,2613,14688,17301,1483,7862,1069,0,0,0,0,0,0,0,570,16.7817229436097,08/05/2015 06:08,58.8039358
Wallasey,Lab,65495,43366,179,66.48599129704557,16348,9828,26176,1011,5063,1288,0,0,0,0,0,0,0,0,34.4398985725432,08/05/2015 03:41,99.224357
Walsall North,Lab,67080,36883,137,55.18783542039356,1937,12455,14392,840,8122,529,0,0,0,0,0,0,0,545,39.6096703162308,08/05/2015 04:35,7.0640762
Walsall South,Lab,67743,41838,198,62.05216775164961,6007,13733,19740,676,6540,1149,0,0,0,0,0,0,0,0,27.3381120494155,08/05/2015 04:48,71.0506403
Walthamstow,Lab,67015,41796,181,62.63821532492726,23195,5584,28779,1661,2507,2661,0,0,0,0,0,0,0,604,26.3838263928533,08/05/2015 06:35,100
Wansbeck,Lab,60705,38528,68,63.57960629272712,10881,8386,19267,2407,7014,1454,0,0,0,0,0,0,0,0,23.4091536907222,08/05/2015 13:02,0
Wantage,Con,82931,58320,212,70.57915616596931,21749,31092,9343,7611,7288,2986,0,0,0,0,0,0,0,0,9.34354141791458,08/05/2015 07:12,0
Warley,Lab,63738,37829,209,59.67868461514324,14702,7310,22012,805,6237,1465,0,0,0,0,0,0,0,0,36.0848265365816,08/05/2015 03:33,23.4396757
Warrington North,Lab,72104,45419,201,63.26972151336958,8923,12797,21720,1881,7757,1264,0,0,0,0,0,0,0,0,16.6565987999568,08/05/2015 06:34,79.019772
Warrington South,Con,84767,59353,199,70.25375440914506,2750,25928,23178,3335,4909,1765,0,0,0,0,0,0,0,238,10.9180578500771,08/05/2015 07:27,84.4256443
Warwick And Leamington,Con,71578,50581,213,70.96314510044985,6606,24249,17643,2512,4183,1994,0,0,0,0,0,0,0,0,10.1810508809233,08/05/2015 13:58,0
Washington And Sunderland West,Lab,68190,37257,190,54.91567678545242,13157,7033,20478,993,7321,1091,0,0,0,0,0,0,0,341,25.1900997736846,07/05/2015 23:29,97.4713789
Watford,Con,83535,56149,211,67.4687256838451,9794,24400,14606,10152,5481,1332,0,0,0,0,0,0,0,178,12.6622352407259,08/05/2015 04:39,100
Waveney,Con,80166,52196,143,65.2882768255869,2408,22104,19696,1055,7580,1761,0,0,0,0,0,0,0,0,20.3018391584711,08/05/2015 08:05,69.6544798
Wealden,Con,80236,57017,181,71.28720275188195,22967,32508,6165,5180,9541,3623,0,0,0,0,0,0,0,0,12.2556938632773,08/05/2015 05:09,0
Weaver Vale,Con,68407,46867,77,68.62455596649465,806,20227,19421,1395,4547,1183,0,0,0,0,0,0,0,94,12.0825285116831,08/05/2015 06:46,31.8787592
Wellingborough,Con,74317,50430,239,68.17955514888922,16397,26265,9839,2240,9868,2218,0,0,0,0,0,0,0,0,16.6430229748319,08/05/2015 04:41,0
Wells,Con,79405,56904,182,71.89219822429318,7585,26247,3780,18662,5644,2331,0,0,0,0,0,0,0,240,14.2882576334024,08/05/2015 11:26,0
Welwyn Hatfield,Con,73247,50205,171,68.77551299029312,12153,25281,13128,3140,6556,1742,0,0,0,0,0,0,0,358,12.3423174818036,08/05/2015 06:03,0
Wentworth And Dearne,Lab,74283,43189,158,58.35386292960705,13838,6441,24571,1135,10733,0,0,0,0,0,0,0,0,309,28.441944294848,08/05/2015 04:34,19.7072438
West Bromwich East,Lab,63637,37492,141,59.13698005877084,9470,9347,18817,751,7949,628,0,0,0,0,0,0,0,0,32.713979649706,08/05/2015 10:31,71.1379509
West Bromwich West,Lab,65524,35026,130,53.653623099932844,7742,8365,16578,550,8836,697,0,0,0,0,0,0,0,0,35.9085331052822,08/05/2015 03:42,12.0299249
West Dorset,Con,78000,56458,185,72.61923076923077,16130,28329,5633,12199,7055,3242,0,0,0,0,0,0,0,0,16.989108206401,08/05/2015 06:18,0
West Ham,Lab,90640,52793,217,58.48411297440423,27986,8146,36132,1430,3950,2651,0,0,0,0,0,0,0,484,31.6424864458116,08/05/2015 04:34,100
West Lancashire,Lab,70906,49676,117,70.22395848024145,8360,16114,24474,1298,6058,1582,0,0,0,0,0,0,0,150,14.3676971200365,08/05/2015 04:55,8.0600208
West Suffolk,Con,76198,49232,197,64.86915667077876,14984,25684,8604,2465,10700,1779,0,0,0,0,0,0,0,0,16.2700608944286,08/05/2015 04:56,0
West Worcestershire,Con,73394,54100,198,73.98152437528952,22578,30342,7244,5245,7764,3505,0,0,0,0,0,0,0,0,15.5481225255253,08/05/2015 04:32,1.2921989
Westminster North,Lab,62346,39514,186,63.67689988130755,1977,16527,18504,1457,1489,1322,0,0,0,0,0,0,0,215,20.8799874901772,08/05/2015 03:04,100
Westmorland And Lonsdale,LD,65857,48929,123,74.48259106852726,8949,16245,2661,25194,3031,1798,0,0,0,0,0,0,0,0,14.2392035824649,08/05/2015 03:25,0
Weston-Super-Mare,Con,80309,52552,231,65.72488762156172,15609,25203,9594,5486,9366,2592,0,0,0,0,0,0,0,311,14.1702172450692,08/05/2015 07:25,79.5834734
Wigan,Lab,75990,45293,126,59.769706540334255,14236,9389,23625,1255,8818,1273,0,0,0,0,0,0,0,933,19.5437696210343,08/05/2015 03:26,61.7419511
Wimbledon,Con,65853,48422,144,73.74910786144898,12619,25225,12606,6129,2476,1986,0,0,0,0,0,0,0,0,8.81880736241647,08/05/2015 02:55,100
Winchester,Con,74119,55316,165,74.85395107867079,16914,30425,4613,13511,4122,2645,0,0,0,0,0,0,0,0,11.2722017751992,08/05/2015 07:48,21.6697415
Windsor,Con,71538,50160,189,70.38077665017194,25083,31797,6714,4323,4992,1834,0,0,0,0,0,0,0,500,9.12434458507754,08/05/2015 06:47,21.2915101
Wirral South,Lab,56956,41837,143,73.70601868108716,4599,15566,20165,1474,3737,895,0,0,0,0,0,0,0,0,13.4671652417283,08/05/2015 04:37,0.4696125
Wirral West,Lab,55377,41858,150,75.85820828141647,417,18481,18898,1433,2772,0,0,0,0,0,0,0,0,274,14.0395084621776,08/05/2015 05:00,37.4717833
Witham,Con,67090,47168,167,70.55447905798181,19554,27123,7467,2891,7569,2038,0,0,0,0,0,0,0,80,12.6809764719248,08/05/2015 06:18,11.3908873
Witney,Con,79767,58482,188,73.55171938270212,25155,35201,10046,3953,5352,2970,0,0,0,0,0,0,0,960,10.4384685082529,08/05/2015 05:43,0
Woking,Con,74269,51964,149,70.16790316282702,20810,29199,8389,6047,5873,2109,0,0,0,0,0,0,0,347,8.71441329074303,08/05/2015 05:29,82.5209423
Wokingham,Con,77881,55999,166,72.11643404681502,24197,32329,8132,7572,5516,2092,0,0,0,0,0,0,0,358,8.68200176724468,08/05/2015 05:41,33.3888682
Wolverhampton North East,Lab,61065,34003,130,55.896176205682465,5495,10174,15669,935,6524,701,0,0,0,0,0,0,0,0,32.93155591,08/05/2015 05:12,71.6010251
Wolverhampton South East,Lab,62556,34764,138,55.79320928448111,10778,7761,18539,798,7061,605,0,0,0,0,0,0,0,0,36.1160773808666,08/05/2015 05:21,55.6104651
Wolverhampton South West,Lab,60368,40209,139,66.83673469387756,801,16573,17374,845,4310,1058,0,0,0,0,0,0,0,49,22.2834719829559,08/05/2015 05:39,100
Worcester,Con,72461,49723,137,68.80942852016946,5646,22534,16888,1677,6378,2024,0,0,0,0,0,0,0,222,16.5134464878449,08/05/2015 03:05,99.8846958
Workington,Lab,58615,38463,232,66.01552503625352,4686,11596,16282,1708,7538,1149,0,0,0,0,0,0,0,190,19.5345745305437,08/05/2015 05:15,0
Worsley And Eccles South,Lab,72177,42048,136,58.44521107832135,5946,12654,18600,1100,7688,1242,0,0,0,0,0,0,0,764,24.8216177689475,08/05/2015 05:15,23.7618345
Worthing West,Con,75617,50763,193,67.38696324900485,16855,26124,7955,4477,9269,2938,0,0,0,0,0,0,0,0,15.8905876068392,08/05/2015 06:59,79.061634
Wycombe,Con,76371,51439,319,67.77179819565018,14856,26444,11588,4546,5198,3086,0,0,0,0,0,0,0,577,12.3508377530857,08/05/2015 05:06,88.7931188
Wyre And Preston North,Con,70637,49893,190,70.90193524640061,14151,26528,12377,2712,6577,1699,0,0,0,0,0,0,0,0,12.1553404247003,08/05/2015 05:14,6.3132213
Wyre Forest,Con,77407,49440,108,64.00971488366686,12871,22394,9523,1228,7967,1117,0,0,0,0,0,0,0,7211,21.3429556246655,08/05/2015 06:56,0
Wythenshawe And Sale East,Lab,75994,43263,168,57.15056451825144,10569,11124,21693,1927,6354,1658,0,0,0,0,0,0,0,507,33.1261693726468,08/05/2015 04:33,99.9435666
Yeovil,Con,82447,56933,163,69.25176173784371,5313,24178,4053,18865,7646,2191,0,0,0,0,0,0,0,0,16.7117512353246,08/05/2015 05:54,0
York Central,Lab,75351,47677,224,63.5704901063025,6716,13496,20212,3804,4795,4791,0,0,0,0,0,0,0,579,14.787395406139,08/05/2015 08:32,100
York Outer,Con,78561,53903,154,68.80895100622446,13129,26477,13348,6269,5251,2558,0,0,0,0,0,0,0,0,7.07753353642193,08/05/2015 08:38,51.8676495
