const,region,country,electorate,valid_votes,invalid_votes,majority,con,lab,ld,ukip,green,snp,pc,dup,sf,sdlp,uup,alliance,other
ABERAVON,Wales,Wales,49821,31523,57,10445,3742,15416,1397,4971,711,0,3663,0,0,0,0,0,1623
ABERCONWY,Wales,Wales,45525,30148,59,3999,12513,8514,1391,3467,727,0,3536,0,0,0,0,0,0
ABERDEEN NORTH,Scotland,Scotland,67745,43936,78,13396,5304,11397,2050,0,0,24793,0,0,0,0,0,0,392
ABERDEEN SOUTH,Scotland,Scotland,68056,48551,56,7230,11087,12991,2252,897,964,20221,0,0,0,0,0,0,139
AIRDRIE AND SHOTTS,Scotland,Scotland,66792,44286,45,8779,3389,15108,678,1088,0,23887,0,0,0,0,0,0,136
ALDERSHOT,South East,England,72430,46191,114,14901,23369,8468,4076,8253,2025,0,0,0,0,0,0,0,0
ALDRIDGE-BROWNHILLS,West Midlands,England,60215,39497,105,11723,20558,8835,1330,7751,826,0,0,0,0,0,0,0,197
ALTRINCHAM AND SALE WEST,North West,England,71511,50517,158,13290,26771,13481,4235,4047,1983,0,0,0,0,0,0,0,0
ALYN AND DEESIDE,Wales,Wales,62016,41314,55,3343,13197,16540,1733,7260,976,0,1608,0,0,0,0,0,0
AMBER VALLEY,East Midlands,England,69510,45717,103,4205,20106,15901,1360,7263,1087,0,0,0,0,0,0,0,0
ANGUS,Scotland,Scotland,65792,44485,35,11230,12900,3919,1216,1355,965,24130,0,0,0,0,0,0,0
ARFON,Wales,Wales,40492,26837,95,3668,3521,8122,718,2277,0,0,11790,0,0,0,0,0,409
ARGYLL AND BUTE,Scotland,Scotland,68875,51883,59,8473,7733,5394,14486,1311,0,22959,0,0,0,0,0,0,0
ARUNDEL AND SOUTH DOWNS,South East,England,77242,56477,242,26177,34331,6324,4062,8154,3606,0,0,0,0,0,0,0,0
ASHFIELD,East Midlands,England,77091,47409,209,8820,10628,19448,7030,10150,0,0,0,0,0,0,0,0,153
ASHFORD,South East,England,85177,57372,175,19296,30094,10580,3433,10798,2467,0,0,0,0,0,0,0,0
ASHTON-UNDER-LYNE,North West,England,68343,38918,198,10756,8610,19366,943,8468,1531,0,0,0,0,0,0,0,0
AYLESBURY,South East,England,80315,55419,235,17158,28083,8391,5885,10925,2135,0,0,0,0,0,0,0,0
AYR CARRICK AND CUMNOCK,Scotland,Scotland,72995,52209,59,11265,10355,14227,855,1280,0,25492,0,0,0,0,0,0,0
BANBURY,South East,England,86420,58008,183,18395,30749,12354,3440,8050,2686,0,0,0,0,0,0,0,729
BANFF AND BUCHAN,Scotland,Scotland,68609,45629,112,14339,13148,2647,2347,0,0,27487,0,0,0,0,0,0,0
BARKING,London,England,73977,43041,111,15272,7019,24826,562,9554,897,0,0,0,0,0,0,0,183
BARNSLEY CENTRAL,Yorkshire and The Humber,England,64534,36560,110,12435,5485,20376,770,7941,938,0,0,0,0,0,0,0,1050
BARNSLEY EAST,Yorkshire and The Humber,England,69135,38517,180,12034,5622,21079,1217,9045,0,0,0,0,0,0,0,0,1554
BARROW AND FURNESS,North West,England,68338,43275,159,795,17525,18320,1169,5070,1061,0,0,0,0,0,0,0,130
BASILDON AND BILLERICAY,East,England,66347,43028,198,12482,22668,10186,1636,8538,0,0,0,0,0,0,0,0,0
BASINGSTOKE,South East,England,79665,53076,219,11063,25769,14706,3919,8290,0,0,0,0,0,0,0,0,392
BASSETLAW,East Midlands,England,76796,49289,170,8843,15122,23965,1331,7865,1006,0,0,0,0,0,0,0,0
BATH,South West,England,63084,47167,192,3833,17833,6216,14000,2922,5634,0,0,0,0,0,0,0,562
BATLEY AND SPEN,Yorkshire and The Humber,England,78373,50479,200,6057,15769,21826,2396,9080,1232,0,0,0,0,0,0,0,176
BATTERSEA,London,England,76111,51031,141,7938,26730,18792,2241,1586,1682,0,0,0,0,0,0,0,0
BEACONSFIELD,South East,England,74726,53163,261,26311,33621,6074,3927,7310,2231,0,0,0,0,0,0,0,0
BECKENHAM,London,England,67439,48803,119,18471,27955,9484,3378,6108,1878,0,0,0,0,0,0,0,0
BEDFORD,East,England,69311,46086,258,1097,19625,18528,1958,4434,1412,0,0,0,0,0,0,0,129
BELFAST EAST,Northern Ireland,Northern Ireland,63157,39682,178,2597,1121,0,0,0,1058,0,0,19575,823,127,0,16978,0
BELFAST NORTH,Northern Ireland,Northern Ireland,68553,40593,294,5326,0,0,0,0,0,0,0,19096,13770,3338,0,2941,1448
BELFAST SOUTH,Northern Ireland,Northern Ireland,64927,38957,183,906,582,0,0,1900,2238,0,0,8654,5402,9560,3549,6711,361
BELFAST WEST,Northern Ireland,Northern Ireland,62697,35329,281,12365,34,0,0,765,0,0,0,2773,19163,3475,1088,636,7395
BERMONDSEY AND OLD SOUTHWARK,London,England,83298,51424,206,4489,6051,22146,17657,3254,2023,0,0,0,0,0,0,0,293
BERWICKSHIRE ROXBURGH AND SELKIRK,Scotland,Scotland,74214,55038,56,328,19817,2700,10294,1316,631,20145,0,0,0,0,0,0,135
BERWICK-UPON-TWEED,North East,England,56969,40423,78,4914,16603,6042,11689,4513,1488,0,0,0,0,0,0,0,88
BETHNAL GREEN AND BOW,London,England,82727,52924,263,24317,8070,32387,2395,3219,4906,0,0,0,0,0,0,0,1947
BEVERLEY AND HOLDERNESS,Yorkshire and The Humber,England,80805,52677,159,12203,25363,13160,2900,8794,1802,0,0,0,0,0,0,0,658
BEXHILL AND BATTLE,South East,England,78796,55218,300,20075,30245,7797,4199,10170,2807,0,0,0,0,0,0,0,0
BEXLEYHEATH AND CRAYFORD,London,England,64828,43685,110,9192,20643,11451,1308,9182,950,0,0,0,0,0,0,0,151
BIRKENHEAD,North West,England,62410,39144,125,20652,5816,26468,1396,3838,1626,0,0,0,0,0,0,0,0
BIRMINGHAM EDGBASTON,West Midlands,England,65591,41293,156,2706,15812,18518,1184,4154,1371,0,0,0,0,0,0,0,254
BIRMINGHAM ERDINGTON,West Midlands,England,65128,34684,109,5129,10695,15824,965,6040,948,0,0,0,0,0,0,0,212
BIRMINGHAM HALL GREEN,West Midlands,England,76330,47046,277,19818,8329,28147,5459,2131,2200,0,0,0,0,0,0,0,780
BIRMINGHAM HODGE HILL,West Midlands,England,75302,41039,267,23362,4707,28069,2624,4651,835,0,0,0,0,0,0,0,153
BIRMINGHAM LADYWOOD,West Midlands,England,68128,35916,253,21868,4576,26444,1374,1805,1501,0,0,0,0,0,0,0,216
BIRMINGHAM NORTHFIELD,West Midlands,England,71428,42461,98,2509,15164,17673,1349,7106,1169,0,0,0,0,0,0,0,0
BIRMINGHAM PERRY BARR,West Midlands,England,69943,41260,272,14828,8869,23697,2001,5032,1330,0,0,0,0,0,0,0,331
BIRMINGHAM SELLY OAK,West Midlands,England,75092,45294,175,8447,13137,21584,2517,5755,2301,0,0,0,0,0,0,0,0
BIRMINGHAM YARDLEY,West Midlands,England,72146,41151,162,6595,5760,17129,10534,6637,698,0,0,0,0,0,0,0,393
BISHOP AUCKLAND,North East,England,66070,39389,68,3508,12799,16307,1723,7015,1545,0,0,0,0,0,0,0,0
BLACKBURN,North West,England,73260,43999,325,12760,12002,24762,955,6280,0,0,0,0,0,0,0,0,0
BLACKLEY AND BROUGHTON,North West,England,71913,37112,194,16874,5581,22982,874,6108,1567,0,0,0,0,0,0,0,0
BLACKPOOL NORTH AND CLEVELEYS,North West,England,62468,39393,207,3340,17508,14168,948,5823,889,0,0,0,0,0,0,0,57
BLACKPOOL SOUTH,North West,England,57411,32436,192,2585,10963,13548,743,5613,841,0,0,0,0,0,0,0,728
BLAENAU GWENT,Wales,Wales,51335,31683,74,12703,3419,18380,620,5677,738,0,2849,0,0,0,0,0,0
BLAYDON,North East,England,67901,44936,96,14227,7838,22090,5497,7863,1648,0,0,0,0,0,0,0,0
BLYTH VALLEY,North East,England,61247,38461,41,9229,8346,17813,2265,8584,1453,0,0,0,0,0,0,0,0
BOGNOR REGIS AND LITTLEHAMPTON,South East,England,72995,47116,224,13944,24185,6508,4240,10241,1942,0,0,0,0,0,0,0,0
BOLSOVER,East Midlands,England,71979,43998,193,11778,10764,22542,1464,9228,0,0,0,0,0,0,0,0,0
BOLTON NORTH EAST,North West,England,67895,43161,150,4377,14164,18541,1236,8117,1103,0,0,0,0,0,0,0,0
BOLTON SOUTH EAST,North West,England,69687,40743,134,10928,8289,20555,1072,9627,1200,0,0,0,0,0,0,0,0
BOLTON WEST,North West,England,72719,48592,197,801,19744,18943,1947,7428,0,0,0,0,0,0,0,0,530
BOOTLE,North West,England,70145,45152,148,28704,3639,33619,978,4915,1501,0,0,0,0,0,0,0,500
BOSTON AND SKEGNESS,East Midlands,England,67064,43339,179,4336,18981,7142,1015,14645,800,0,0,0,0,0,0,0,756
BOSWORTH,East Midlands,England,79738,53582,206,10988,22939,9354,11951,9338,0,0,0,0,0,0,0,0,0
BOURNEMOUTH EAST,South West,England,72275,44827,191,14612,22060,7448,3752,7401,3263,0,0,0,0,0,0,0,903
BOURNEMOUTH WEST,South West,England,72082,41773,171,12410,20155,7386,3281,7745,3107,0,0,0,0,0,0,0,99
BRACKNELL,South East,England,81271,53086,215,20650,29606,8956,3983,8339,2202,0,0,0,0,0,0,0,0
BRADFORD EAST,Yorkshire and The Humber,England,66121,41406,207,7084,4682,19312,12228,4103,871,0,0,0,0,0,0,0,210
BRADFORD SOUTH,Yorkshire and The Humber,England,63674,37600,106,6450,9878,16328,1094,9057,1243,0,0,0,0,0,0,0,0
BRADFORD WEST,Yorkshire and The Humber,England,63372,40290,237,11420,6160,19977,1173,3140,1085,0,0,0,0,0,0,0,8755
BRAINTREE,East,England,73557,50283,201,17610,27071,9296,2488,9461,1564,0,0,0,0,0,0,0,403
BRECON AND RADNORSHIRE,Wales,Wales,54441,40074,71,5102,16453,5904,11351,3338,1261,0,1767,0,0,0,0,0,0
BRENT CENTRAL,London,England,77038,47032,260,19649,9567,29216,3937,1850,1912,0,0,0,0,0,0,0,550
BRENTFORD AND ISLEWORTH,London,England,84602,57355,147,465,24631,25096,2305,3203,2120,0,0,0,0,0,0,0,0
BRENT NORTH,London,England,82196,52235,291,10834,17517,28351,2607,2024,1539,0,0,0,0,0,0,0,197
BRENTWOOD AND ONGAR,East,England,71918,51897,151,21810,30534,6492,4577,8724,1397,0,0,0,0,0,0,0,173
BRIDGEND,Wales,Wales,59998,39453,63,1927,12697,14624,1648,5911,736,0,2784,0,0,0,0,0,1053
BRIDGWATER AND WEST SOMERSET,South West,England,80491,54447,203,14583,25020,9589,6765,10437,2636,0,0,0,0,0,0,0,0
BRIGG AND GOOLE,Yorkshire and The Humber,England,68488,43270,168,11176,22946,11770,764,6694,915,0,0,0,0,0,0,0,181
BRIGHTON KEMPTOWN,South East,England,67858,45306,177,690,18428,17738,1365,4446,3187,0,0,0,0,0,0,0,142
BRIGHTON PAVILION,South East,England,76557,54676,186,7967,12448,14904,1525,2724,22871,0,0,0,0,0,0,0,204
BRISTOL EAST,South West,England,71193,46213,162,3980,14168,18148,2689,7152,3827,0,0,0,0,0,0,0,229
BRISTOL NORTH WEST,South West,England,74743,51805,121,4944,22767,17823,3214,4889,2952,0,0,0,0,0,0,0,160
BRISTOL SOUTH,South West,England,81496,50842,164,7128,12377,19505,4416,8381,5861,0,0,0,0,0,0,0,302
BRISTOL WEST,South West,England,91236,64218,198,5673,9752,22900,12103,1940,17227,0,0,0,0,0,0,0,296
BROADLAND,East,England,73552,53089,182,16838,26808,9970,5178,8881,2252,0,0,0,0,0,0,0,0
BROMLEY AND CHISLEHURST,London,England,65477,44066,131,13564,23343,9779,2836,6285,1823,0,0,0,0,0,0,0,0
BROMSGROVE,West Midlands,England,73337,52245,173,16529,28133,11604,2616,8163,1729,0,0,0,0,0,0,0,0
BROXBOURNE,East,England,72944,46024,125,16723,25797,8470,1467,9074,1216,0,0,0,0,0,0,0,0
BROXTOWE,East Midlands,England,71764,53440,200,4287,24163,19876,2120,5674,1544,0,0,0,0,0,0,0,63
BUCKINGHAM,South East,England,77425,53692,1289,22942,0,0,0,11675,7400,0,0,0,0,0,0,0,34617
BURNLEY,North West,England,64477,39746,150,3244,5374,14951,11707,6864,850,0,0,0,0,0,0,0,0
BURTON,West Midlands,England,75248,48974,176,10892,24376,13484,1232,8658,1224,0,0,0,0,0,0,0,0
BURY NORTH,North West,England,67580,45230,186,378,18970,18592,932,5595,1141,0,0,0,0,0,0,0,0
BURY SOUTH,North West,England,73883,47215,181,4922,16350,21272,1690,6299,1434,0,0,0,0,0,0,0,170
BURY ST EDMUNDS,East,England,85982,59341,237,21301,31815,10514,3581,8739,4692,0,0,0,0,0,0,0,0
CAERPHILLY,Wales,Wales,63603,40283,81,10073,6683,17864,935,7791,937,0,5895,0,0,0,0,0,178
CAITHNESS SUTHERLAND AND EASTER ROSS,Scotland,Scotland,47558,34186,45,3844,2326,3061,11987,981,0,15831,0,0,0,0,0,0,0
CALDER VALLEY,Yorkshire and The Humber,England,77754,53541,220,4427,23354,18927,2666,5950,2090,0,0,0,0,0,0,0,554
CAMBERWELL AND PECKHAM,London,England,82746,51561,218,25824,6790,32614,2580,2413,5187,0,0,0,0,0,0,0,1977
CAMBORNE AND REDRUTH,South West,England,66944,45868,84,7004,18452,11448,5687,6776,2608,0,0,0,0,0,0,0,897
CAMBRIDGE,East,England,83384,51774,171,599,8117,18646,18047,2668,4109,0,0,0,0,0,0,0,187
CANNOCK CHASE,West Midlands,England,74532,47099,169,4923,20811,15888,1270,8224,906,0,0,0,0,0,0,0,0
CANTERBURY,South East,England,81341,53465,182,9798,22918,13120,6227,7289,3746,0,0,0,0,0,0,0,165
CARDIFF CENTRAL,Wales,Wales,57456,38646,117,4981,5674,15462,10481,2499,2461,0,1925,0,0,0,0,0,144
CARDIFF NORTH,Wales,Wales,67196,51151,80,2137,21709,19572,1953,3953,1254,0,2301,0,0,0,0,0,409
CARDIFF SOUTH AND PENARTH,Wales,Wales,76006,46667,121,7453,12513,19966,2318,6423,1746,0,3443,0,0,0,0,0,258
CARDIFF WEST,Wales,Wales,66762,43792,113,6789,11014,17803,2069,4923,1704,0,6096,0,0,0,0,0,183
CARLISLE,North West,England,65827,42587,93,2774,18873,16099,1087,5277,1125,0,0,0,0,0,0,0,126
CARMARTHEN EAST AND DINEFWR,Wales,Wales,55750,39399,61,5599,8336,9541,928,4363,1091,0,15140,0,0,0,0,0,0
CARMARTHEN WEST AND SOUTH PEMBROKESHIRE,Wales,Wales,57755,40350,69,6054,17626,11572,963,4698,1290,0,4201,0,0,0,0,0,0
CARSHALTON AND WALLINGTON,London,England,69981,47613,131,1510,15093,7150,16603,7049,1492,0,0,0,0,0,0,0,226
CASTLE POINT,East,England,68170,45450,117,8934,23112,6283,801,14178,1076,0,0,0,0,0,0,0,0
CENTRAL AYRSHIRE,Scotland,Scotland,70021,50774,68,13589,8803,13410,917,0,645,26999,0,0,0,0,0,0,0
CENTRAL DEVON,South West,England,72737,54448,192,21265,28436,6985,6643,7171,4866,0,0,0,0,0,0,0,347
CENTRAL SUFFOLK AND NORTH IPSWICH,East,England,76666,54089,145,20144,30317,10173,3314,7459,2664,0,0,0,0,0,0,0,162
CEREDIGION,Wales,Wales,54242,37416,96,3067,4123,3615,13414,3829,2088,0,10347,0,0,0,0,0,0
CHARNWOOD,East Midlands,England,77269,52261,177,16931,28384,11453,3605,8330,0,0,0,0,0,0,0,0,489
CHATHAM AND AYLESFORD,South East,England,66355,43073,166,11455,21614,10159,1360,8581,1101,0,0,0,0,0,0,0,258
CHEADLE,North West,England,73239,53095,169,6453,22889,8673,16436,4423,0,0,0,0,0,0,0,0,674
CHELMSFORD,East,England,78580,53817,190,18250,27732,9482,6394,7652,1892,0,0,0,0,0,0,0,665
CHELSEA AND FULHAM,London,England,63478,40226,133,16022,25322,9300,2091,2039,1474,0,0,0,0,0,0,0,0
CHELTENHAM,South West,England,77287,53735,104,6516,24790,3902,18274,3808,2689,0,0,0,0,0,0,0,272
CHESHAM AND AMERSHAM,South East,England,72547,52730,249,23920,31138,6712,4761,7218,2901,0,0,0,0,0,0,0,0
CHESTERFIELD,East Midlands,England,71625,45567,179,13598,8231,21829,6301,7523,1352,0,0,0,0,0,0,0,331
CHICHESTER,South East,England,83396,57139,198,24413,32953,6933,4865,8540,3742,0,0,0,0,0,0,0,106
CHINGFORD AND WOODFORD GREEN,London,England,66680,43804,129,8386,20999,12613,2400,5644,1854,0,0,0,0,0,0,0,294
CHIPPENHAM,South West,England,74218,55407,100,10076,26354,4561,16278,5884,2330,0,0,0,0,0,0,0,0
CHIPPING BARNET,London,England,77807,53013,139,7656,25759,18103,2381,4151,2501,0,0,0,0,0,0,0,118
CHORLEY,North West,England,74679,51712,142,4530,18792,23322,1354,6995,1111,0,0,0,0,0,0,0,138
CHRISTCHURCH,South West,England,69303,49707,233,18224,28887,4745,3263,10663,2149,0,0,0,0,0,0,0,0
CITIES OF LONDON AND WESTMINSTER,London,England,60992,36185,167,9671,19570,9899,2521,1894,1953,0,0,0,0,0,0,0,348
CITY OF CHESTER,North West,England,74485,51161,228,93,22025,22118,2870,4148,0,0,0,0,0,0,0,0,0
CITY OF DURHAM,North East,England,68725,45669,116,11439,10157,21596,5153,5232,2687,0,0,0,0,0,0,0,844
CLACTON,East,England,68936,44207,168,3437,16205,6364,812,19642,1184,0,0,0,0,0,0,0,0
CLEETHORPES,Yorkshire and The Humber,England,71008,45089,132,7893,21026,13133,1346,8356,1013,0,0,0,0,0,0,0,215
CLWYD SOUTH,Wales,Wales,54996,35064,55,2402,10649,13051,1349,5480,915,0,3620,0,0,0,0,0,0
CLWYD WEST,Wales,Wales,58644,38028,76,6730,16463,9733,1387,4988,0,0,4651,0,0,0,0,0,806
COATBRIDGE CHRYSTON AND BELLSHILL,Scotland,Scotland,73894,50698,55,11501,3209,17195,549,1049,0,28696,0,0,0,0,0,0,0
COLCHESTER,East,England,74204,48593,117,5575,18919,7852,13344,5870,2499,0,0,0,0,0,0,0,109
COLNE VALLEY,Yorkshire and The Humber,England,82516,56800,153,5378,25246,19868,3407,5734,1919,0,0,0,0,0,0,0,626
CONGLETON,North West,England,72503,50976,166,16773,27164,10391,4623,6922,1876,0,0,0,0,0,0,0,0
COPELAND,North West,England,62087,39631,151,2564,14186,16750,1368,6148,1179,0,0,0,0,0,0,0,0
CORBY,East Midlands,England,79775,56174,132,2412,24023,21611,1458,7708,1374,0,0,0,0,0,0,0,0
COVENTRY NORTH EAST,West Midlands,England,75462,42231,185,12274,9751,22025,2007,6278,1245,0,0,0,0,0,0,0,925
COVENTRY NORTH WEST,West Midlands,England,73626,45246,172,4509,14048,18557,1810,7101,1961,0,0,0,0,0,0,0,1769
COVENTRY SOUTH,West Midlands,England,70397,43699,178,3188,15284,18472,1779,5709,1719,0,0,0,0,0,0,0,736
CRAWLEY,South East,England,73936,48550,130,6526,22829,16303,1339,6979,1100,0,0,0,0,0,0,0,0
CREWE AND NANTWICH,North West,England,74169,49896,213,3620,22445,18825,1374,7252,0,0,0,0,0,0,0,0,0
CROYDON CENTRAL,London,England,78171,52941,102,165,22753,22588,1152,4810,1454,0,0,0,0,0,0,0,184
CROYDON NORTH,London,England,85941,53522,188,21364,12149,33513,1919,2899,2515,0,0,0,0,0,0,0,527
CROYDON SOUTH,London,England,82010,57712,146,17140,31448,14308,3448,6068,2154,0,0,0,0,0,0,0,286
CUMBERNAULD KILSYTH AND KIRKINTILLOCH EAST,Scotland,Scotland,67088,49382,126,14752,3891,14820,1099,0,0,29572,0,0,0,0,0,0,0
CYNON VALLEY,Wales,Wales,51422,30472,83,9406,3676,14532,830,4976,799,0,5126,0,0,0,0,0,533
DAGENHAM AND RAINHAM,London,England,69128,43050,83,4980,10492,17830,717,12850,806,0,0,0,0,0,0,0,355
DARLINGTON,North East,England,65851,41141,163,3158,14479,17637,1966,5392,1444,0,0,0,0,0,0,0,223
DARTFORD,South East,England,75209,52418,199,12345,25670,13325,1454,10434,1324,0,0,0,0,0,0,0,211
DAVENTRY,East Midlands,England,72873,52518,137,21059,30550,9491,2352,8296,1829,0,0,0,0,0,0,0,0
DELYN,Wales,Wales,53639,37457,66,2930,12257,15187,1380,6150,680,0,1803,0,0,0,0,0,0
DENTON AND REDDISH,North West,England,66141,38681,144,10511,9150,19661,957,7225,1466,0,0,0,0,0,0,0,222
DERBY NORTH,East Midlands,England,69794,44745,137,41,16402,16361,3832,6532,1618,0,0,0,0,0,0,0,0
DERBYSHIRE DALES,East Midlands,England,63476,47361,130,14044,24805,10761,3965,5508,2173,0,0,0,0,0,0,0,149
DERBY SOUTH,East Midlands,England,70240,40820,166,8828,11179,20007,1717,6341,1208,0,0,0,0,0,0,0,368
DEVIZES,South West,England,69205,49006,132,20751,28295,6360,3954,7544,2853,0,0,0,0,0,0,0,0
DEWSBURY,Yorkshire and The Humber,England,79770,53630,238,1451,20955,22406,1924,6649,1366,0,0,0,0,0,0,0,330
DONCASTER CENTRAL,Yorkshire and The Humber,England,71136,40420,208,10093,8386,19840,1717,9747,0,0,0,0,0,0,0,0,730
DONCASTER NORTH,Yorkshire and The Humber,England,70989,39501,166,11780,7235,20708,1005,8928,757,0,0,0,0,0,0,0,868
DON VALLEY,Yorkshire and The Humber,England,71299,42486,171,8885,10736,19621,1487,9963,0,0,0,0,0,0,0,0,679
DOVER,South East,England,72930,50224,199,6294,21737,15443,1572,10177,1295,0,0,0,0,0,0,0,0
DUDLEY NORTH,West Midlands,England,60717,37992,97,4181,11704,15885,478,9113,517,0,0,0,0,0,0,0,295
DUDLEY SOUTH,West Midlands,England,60363,38210,85,4270,16723,12453,828,7236,970,0,0,0,0,0,0,0,0
DULWICH AND WEST NORWOOD,London,England,76575,51362,186,16122,11650,27772,5055,1606,4844,0,0,0,0,0,0,0,435
DUMFRIES AND GALLOWAY,Scotland,Scotland,75249,56602,66,6514,16926,13982,953,1301,0,23440,0,0,0,0,0,0,0
DUMFRIESSHIRE CLYDESDALE AND TWEEDDALE,Scotland,Scotland,68483,52134,34,798,20759,7711,1392,1472,839,19961,0,0,0,0,0,0,0
DUNDEE EAST,Scotland,Scotland,67822,48185,73,19162,7206,9603,1387,0,895,28765,0,0,0,0,0,0,329
DUNDEE WEST,Scotland,Scotland,65927,44714,46,17092,3852,10592,1057,0,1225,27684,0,0,0,0,0,0,304
DUNFERMLINE AND WEST FIFE,Scotland,Scotland,78037,55890,78,10352,6623,17744,2232,0,1195,28096,0,0,0,0,0,0,0
DWYFOR MEIRIONNYDD,Wales,Wales,44394,28913,65,5261,6550,3904,1153,3126,981,0,11811,0,0,0,0,0,1388
EALING CENTRAL AND ACTON,London,England,71422,50894,165,274,21728,22002,3106,1926,1841,0,0,0,0,0,0,0,291
EALING NORTH,London,England,73881,48510,198,12326,14419,26745,1575,3922,1635,0,0,0,0,0,0,0,214
EALING SOUTHALL,London,England,65606,43321,182,18760,9387,28147,1550,1769,2007,0,0,0,0,0,0,0,461
EASINGTON,North East,England,61659,34624,53,14641,4478,21132,834,6491,733,0,0,0,0,0,0,0,956
EAST ANTRIM,Northern Ireland,Northern Ireland,62811,33497,191,5795,549,0,0,3660,0,0,0,12103,2314,1639,6308,5021,1903
EASTBOURNE,South East,England,78262,52907,154,733,20934,4143,20201,6139,1351,0,0,0,0,0,0,0,139
EAST DEVON,South West,England,76519,54717,217,12261,25401,5591,3715,6870,0,0,0,0,0,0,0,0,13140
EAST DUNBARTONSHIRE,Scotland,Scotland,66966,54871,47,2167,4727,6754,19926,567,804,22093,0,0,0,0,0,0,0
EAST HAM,London,England,87382,52290,211,34252,6311,40563,856,2622,1299,0,0,0,0,0,0,0,639
EAST HAMPSHIRE,South East,England,71074,51649,218,25147,31334,5220,5732,6187,3176,0,0,0,0,0,0,0,0
EAST KILBRIDE STRATHAVEN AND LESMAHAGOW,Scotland,Scotland,83205,60539,64,16527,7129,17151,1042,1221,0,33678,0,0,0,0,0,0,318
EASTLEIGH,South East,England,79609,55505,158,9147,23464,7181,14317,8783,1513,0,0,0,0,0,0,0,247
EAST LONDONDERRY,Northern Ireland,Northern Ireland,66926,34714,251,7804,422,0,0,0,0,0,0,14663,6859,4268,5333,2642,527
EAST LOTHIAN,Scotland,Scotland,79481,59014,36,6803,11511,18301,1517,1178,1245,25104,0,0,0,0,0,0,158
EAST RENFREWSHIRE,Scotland,Scotland,69982,56730,95,3718,12465,19295,1069,888,0,23013,0,0,0,0,0,0,0
EAST SURREY,South East,England,79654,56103,161,22658,32211,6627,5189,9553,2159,0,0,0,0,0,0,0,364
EAST WORTHING AND SHOREHAM,South East,England,74775,49898,199,14949,24686,9737,3360,8267,2605,0,0,0,0,0,0,0,1243
EAST YORKSHIRE,Yorkshire and The Humber,England,81023,49991,227,14933,25276,10343,2966,8955,1731,0,0,0,0,0,0,0,720
EDDISBURY,North West,England,68569,47352,178,12974,24167,11193,4289,5778,1624,0,0,0,0,0,0,0,301
EDINBURGH EAST,Scotland,Scotland,67141,47089,69,9106,4670,14082,1325,898,2809,23188,0,0,0,0,0,0,117
EDINBURGH NORTH AND LEITH,Scotland,Scotland,80910,58008,76,5597,9378,18145,2634,847,3140,23742,0,0,0,0,0,0,122
EDINBURGH SOUTH,Scotland,Scotland,65801,49286,54,2637,8626,19293,1823,601,2090,16656,0,0,0,0,0,0,197
EDINBURGH SOUTH WEST,Scotland,Scotland,72149,51602,74,8135,10444,14033,1920,1072,1965,22168,0,0,0,0,0,0,0
EDINBURGH WEST,Scotland,Scotland,71717,54858,49,3210,6732,6425,18168,1015,1140,21378,0,0,0,0,0,0,0
EDMONTON,London,England,66016,41338,161,15419,9969,25388,897,3366,1358,0,0,0,0,0,0,0,360
ELLESMERE PORT AND NESTON,North West,England,69223,46727,160,6275,16041,22316,1563,5594,990,0,0,0,0,0,0,0,223
ELMET AND ROTHWELL,Yorkshire and The Humber,England,79143,57797,153,8490,27978,19488,2640,6430,1261,0,0,0,0,0,0,0,0
ELTHAM,London,England,63998,43157,97,2693,15700,18393,1308,6481,1275,0,0,0,0,0,0,0,0
ENFIELD NORTH,London,England,68118,46137,117,1086,19086,20172,1059,4133,1303,0,0,0,0,0,0,0,384
ENFIELD SOUTHGATE,London,England,64937,45812,130,4753,22624,17871,1518,2109,1690,0,0,0,0,0,0,0,0
EPPING FOREST,East,England,73447,49348,142,17978,27027,7962,3448,9049,1782,0,0,0,0,0,0,0,80
EPSOM AND EWELL,South East,England,78633,57143,189,24443,33309,8866,5002,7117,2116,0,0,0,0,0,0,0,733
EREWASH,East Midlands,England,71943,48322,146,3584,20636,17052,1658,7792,1184,0,0,0,0,0,0,0,0
ERITH AND THAMESMEAD,London,England,70397,42617,97,9525,11684,21209,972,7368,941,0,0,0,0,0,0,0,443
ESHER AND WALTON,South East,England,79894,56976,189,28616,35845,7229,5372,5551,2355,0,0,0,0,0,0,0,624
EXETER,South West,England,76968,54018,200,7183,17879,25062,2321,5075,3491,0,0,0,0,0,0,0,190
FALKIRK,Scotland,Scotland,83380,60340,57,19701,7325,15130,1225,1829,0,34831,0,0,0,0,0,0,0
FAREHAM,South East,England,77114,54700,118,22262,30689,7800,4814,8427,2129,0,0,0,0,0,0,0,841
FAVERSHAM AND MID KENT,South East,England,69523,45803,104,16652,24895,7403,3039,8243,1768,0,0,0,0,0,0,0,455
FELTHAM AND HESTON,London,England,82340,49405,142,11463,14382,25845,1579,6209,1390,0,0,0,0,0,0,0,0
FERMANAGH AND SOUTH TYRONE,Northern Ireland,Northern Ireland,70108,50864,286,530,0,0,0,0,788,0,0,0,23078,2732,23608,658,0
FILTON AND BRADLEY STOKE,South West,England,71310,49101,152,9838,22920,13082,3581,7261,2257,0,0,0,0,0,0,0,0
FINCHLEY AND GOLDERS GREEN,London,England,72530,50759,133,5662,25835,20173,1662,1732,1357,0,0,0,0,0,0,0,0
FOLKESTONE AND HYTHE,South East,England,83651,55010,265,13797,26323,7939,4882,12526,2956,0,0,0,0,0,0,0,384
FOREST OF DEAN,South West,England,69865,49520,184,10987,23191,12204,2630,8792,2703,0,0,0,0,0,0,0,0
FOYLE,Northern Ireland,Northern Ireland,70036,37002,526,6046,132,0,0,832,0,0,0,4573,11679,17725,1226,835,0
FYLDE,North West,England,65679,43557,190,13224,21406,8182,1623,5569,1381,0,0,0,0,0,0,0,5396
GAINSBOROUGH,East Midlands,England,74686,49261,189,15449,25949,10500,3290,7727,1290,0,0,0,0,0,0,0,505
GARSTON AND HALEWOOD,North West,England,73719,48983,192,27146,6693,33839,2279,4482,1690,0,0,0,0,0,0,0,0
GATESHEAD,North East,England,64524,37949,96,14784,5502,21549,2585,6765,1548,0,0,0,0,0,0,0,0
GEDLING,East Midlands,England,70000,47998,145,2986,17321,20307,1906,6930,1534,0,0,0,0,0,0,0,0
GILLINGHAM AND RAINHAM,South East,England,70984,47078,194,10530,22590,12060,1707,9199,1133,0,0,0,0,0,0,0,389
GLASGOW CENTRAL,Scotland,Scotland,70945,39318,63,7662,2359,12996,612,786,1559,20658,0,0,0,0,0,0,348
GLASGOW EAST,Scotland,Scotland,70378,42417,29,10387,2544,13729,318,1105,381,24116,0,0,0,0,0,0,224
GLASGOW NORTH,Scotland,Scotland,60169,36922,65,9295,2901,10315,1012,486,2284,19610,0,0,0,0,0,0,314
GLASGOW NORTH EAST,Scotland,Scotland,66678,37857,88,9222,1769,12754,300,0,615,21976,0,0,0,0,0,0,443
GLASGOW NORTH WEST,Scotland,Scotland,68418,43854,107,10364,3692,13544,1194,0,1167,23908,0,0,0,0,0,0,349
GLASGOW SOUTH,Scotland,Scotland,74051,48778,87,12269,4752,14504,1019,0,1431,26773,0,0,0,0,0,0,299
GLASGOW SOUTH WEST,Scotland,Scotland,66209,40921,44,9950,2036,13438,406,970,507,23388,0,0,0,0,0,0,176
GLENROTHES,Scotland,Scotland,69781,47598,53,13897,3685,14562,892,0,0,28459,0,0,0,0,0,0,0
GLOUCESTER,South West,England,82968,52575,111,7251,23837,16586,2828,7497,1485,0,0,0,0,0,0,0,342
GORDON,Scotland,Scotland,79393,58161,62,8687,6807,3441,19030,1166,0,27717,0,0,0,0,0,0,0
GOSPORT,South East,England,73268,47665,86,17098,26364,6926,3298,9266,1707,0,0,0,0,0,0,0,104
GOWER,Wales,Wales,61820,42758,57,27,15862,15835,1552,4773,1161,0,3051,0,0,0,0,0,524
GRANTHAM AND STAMFORD,East Midlands,England,81150,53755,224,18989,28399,9070,3263,9410,1872,0,0,0,0,0,0,0,1741
GRAVESHAM,South East,England,72043,50139,181,8370,23484,15114,1111,9306,1124,0,0,0,0,0,0,0,0
GREAT GRIMSBY,Yorkshire and The Humber,England,59200,33731,104,4540,8874,13414,1680,8417,783,0,0,0,0,0,0,0,563
GREAT YARMOUTH,East,England,69793,44469,160,6154,19089,12935,1030,10270,978,0,0,0,0,0,0,0,167
GREENWICH AND WOOLWICH,London,England,73315,46716,171,11946,12438,24384,2645,3888,2991,0,0,0,0,0,0,0,370
GUILDFORD,South East,England,75733,53986,188,22448,30802,6534,8354,4774,2558,0,0,0,0,0,0,0,964
HACKNEY NORTH AND STOKE NEWINGTON,London,England,88153,49887,202,24008,7349,31357,2492,1085,7281,0,0,0,0,0,0,0,323
HACKNEY SOUTH AND SHOREDITCH,London,England,84971,47580,191,24213,6420,30633,2186,1818,5519,0,0,0,0,0,0,0,1004
HALESOWEN AND ROWLEY REGIS,West Midlands,England,66048,43818,119,3082,18933,15851,905,7280,849,0,0,0,0,0,0,0,0
HALIFAX,Yorkshire and The Humber,England,70462,43753,241,428,17078,17506,1629,5621,1142,0,0,0,0,0,0,0,777
HALTEMPRICE AND HOWDEN,Yorkshire and The Humber,England,71195,48757,180,16195,26414,10219,3055,6781,1809,0,0,0,0,0,0,0,479
HALTON,North West,England,72818,45023,168,20285,8007,28292,1097,6333,1017,0,0,0,0,0,0,0,277
HAMMERSMITH,London,England,72254,47960,170,6518,17463,23981,2224,2105,2105,0,0,0,0,0,0,0,82
HAMPSTEAD AND KILBURN,London,England,80195,53964,184,1138,22839,23977,3039,1532,2387,0,0,0,0,0,0,0,190
HARBOROUGH,East Midlands,England,77760,52471,210,19632,27675,8043,7037,7539,2177,0,0,0,0,0,0,0,0
HARLOW,East,England,67994,44251,125,8350,21623,13273,904,7208,954,0,0,0,0,0,0,0,289
HARROGATE AND KNARESBOROUGH,Yorkshire and The Humber,England,76408,53376,138,16371,28153,5409,11782,5681,2351,0,0,0,0,0,0,0,0
HARROW EAST,London,England,70981,49000,143,4757,24668,19911,1037,2333,846,0,0,0,0,0,0,0,205
HARROW WEST,London,England,69644,46603,136,2208,19677,21885,1567,2047,1310,0,0,0,0,0,0,0,117
HARTLEPOOL,North East,England,69947,39490,112,3024,8256,14076,761,11052,1341,0,0,0,0,0,0,0,4004
HARWICH AND NORTH ESSEX,East,England,69290,48432,166,15174,24722,9548,3576,8464,2122,0,0,0,0,0,0,0,0
HASTINGS AND RYE,South East,England,75095,50927,124,4796,22686,17890,1614,6786,1951,0,0,0,0,0,0,0,0
HAVANT,South East,England,70573,44828,148,13920,23159,7149,2929,9239,2352,0,0,0,0,0,0,0,0
HAYES AND HARLINGTON,London,England,74874,45056,142,15700,11143,26843,888,5388,794,0,0,0,0,0,0,0,0
HAZEL GROVE,North West,England,63098,43219,127,6552,17882,7584,11330,5283,1140,0,0,0,0,0,0,0,0
HEMEL HEMPSTEAD,East,England,74616,49633,194,14420,26245,11825,2402,7249,1660,0,0,0,0,0,0,0,252
HEMSWORTH,Yorkshire and The Humber,England,72714,42406,167,12078,9694,21772,1357,8565,0,0,0,0,0,0,0,0,1018
HENDON,London,England,75285,49630,135,3724,24328,20604,1088,2595,1015,0,0,0,0,0,0,0,0
HENLEY,South East,England,77946,55236,162,25375,32292,6917,6205,6007,3815,0,0,0,0,0,0,0,0
HEREFORD AND SOUTH HEREFORDSHIRE,West Midlands,England,71485,47257,202,16890,24844,6042,5002,7954,3415,0,0,0,0,0,0,0,0
HERTFORD AND STORTFORD,East,England,80610,56277,266,21509,31593,10084,4385,7534,2681,0,0,0,0,0,0,0,0
HERTSMERE,East,England,73767,50091,200,18461,29696,11235,2777,6383,0,0,0,0,0,0,0,0,0
HEXHAM,North East,England,59708,43345,82,12031,22834,10803,2961,4302,2445,0,0,0,0,0,0,0,0
HEYWOOD AND MIDDLETON,North West,England,79989,48538,135,5299,9268,20926,1607,15627,1110,0,0,0,0,0,0,0,0
HIGH PEAK,East Midlands,England,73336,50789,153,4894,22836,17942,2389,5811,1811,0,0,0,0,0,0,0,0
HITCHIN AND HARPENDEN,East,England,80333,55375,173,20055,31488,11433,4484,4917,3053,0,0,0,0,0,0,0,0
HOLBORN AND ST PANCRAS,London,England,86764,54917,219,17048,12014,29062,3555,2740,7013,0,0,0,0,0,0,0,533
HORNCHURCH AND UPMINSTER,London,England,79331,55236,89,13074,27051,11103,1501,13977,1411,0,0,0,0,0,0,0,193
HORNSEY AND WOOD GREEN,London,England,79247,57785,177,11058,5347,29417,18359,1271,3146,0,0,0,0,0,0,0,245
HORSHAM,South East,England,79085,56925,234,24658,32627,6499,6647,7969,2198,0,0,0,0,0,0,0,985
HOUGHTON AND SUNDERLAND SOUTH,North East,England,68324,38489,175,12938,7105,21218,791,8280,1095,0,0,0,0,0,0,0,0
HOVE,South East,England,73505,52214,234,1236,20846,22082,1861,3265,3569,0,0,0,0,0,0,0,591
HUDDERSFIELD,Yorkshire and The Humber,England,65269,40478,173,7345,10841,18186,2365,5948,2798,0,0,0,0,0,0,0,340
HUNTINGDON,East,England,82593,55927,177,19403,29652,10249,4375,9473,2178,0,0,0,0,0,0,0,0
HYNDBURN,North West,England,68341,42887,179,4400,13676,18076,859,9154,1122,0,0,0,0,0,0,0,0
ILFORD NORTH,London,England,75294,48932,105,589,20874,21463,1130,4355,1023,0,0,0,0,0,0,0,87
ILFORD SOUTH,London,England,91987,51912,164,19777,13455,33232,1014,2705,1506,0,0,0,0,0,0,0,0
INVERCLYDE,Scotland,Scotland,59350,44607,52,11063,4446,13522,1106,715,0,24585,0,0,0,0,0,0,233
INVERNESS NAIRN BADENOCH AND STRATHSPEY,Scotland,Scotland,77628,57613,54,10809,3410,4311,18029,1236,1367,28838,0,0,0,0,0,0,422
IPSWICH,East,England,74499,48694,139,3733,21794,18061,1400,5703,1736,0,0,0,0,0,0,0,0
ISLE OF WIGHT,South East,England,108804,70300,107,13703,28591,8984,5235,14888,9404,0,0,0,0,0,0,0,3198
ISLINGTON NORTH,London,England,73326,49234,198,21194,8465,29659,3984,1971,5043,0,0,0,0,0,0,0,112
ISLINGTON SOUTH AND FINSBURY,London,England,68127,44270,151,12708,9839,22547,4829,3375,3371,0,0,0,0,0,0,0,309
ISLWYN,Wales,Wales,55697,35401,46,10404,5366,17336,950,6932,659,0,3794,0,0,0,0,0,364
JARROW,North East,England,64002,38564,107,13881,6584,21464,1238,7583,1310,0,0,0,0,0,0,0,385
KEIGHLEY,Yorkshire and The Humber,England,68865,49123,198,3053,21766,18713,1321,5662,1661,0,0,0,0,0,0,0,0
KENILWORTH AND SOUTHAM,West Midlands,England,63957,48791,129,21002,28474,7472,4913,5467,1956,0,0,0,0,0,0,0,509
KENSINGTON,London,England,61133,34828,139,7361,18199,10838,1962,1557,1765,0,0,0,0,0,0,0,507
KETTERING,East Midlands,England,70155,47218,140,12590,24467,11877,1490,7600,1633,0,0,0,0,0,0,0,151
KILMARNOCK AND LOUDOUN,Scotland,Scotland,75250,53903,92,13638,6752,16362,789,0,0,30000,0,0,0,0,0,0,0
KINGSTON AND SURBITON,London,England,81238,59253,137,2834,23249,8574,20415,4321,2322,0,0,0,0,0,0,0,372
KINGSTON UPON HULL EAST,Yorkshire and The Humber,England,65710,35144,102,10319,5593,18180,2294,7861,806,0,0,0,0,0,0,0,410
KINGSTON UPON HULL NORTH,Yorkshire and The Humber,England,64148,35336,136,12899,5306,18661,3175,5762,2066,0,0,0,0,0,0,0,366
KINGSTON UPON HULL WEST AND HESSLE,Yorkshire and The Humber,England,59100,31803,83,9333,5561,15646,3169,6313,943,0,0,0,0,0,0,0,171
KINGSWOOD,South West,England,68193,48125,146,9006,23252,14246,1827,7133,1370,0,0,0,0,0,0,0,297
KIRKCALDY AND COWDENBEATH,Scotland,Scotland,75941,52892,64,9974,5223,17654,1150,1237,0,27628,0,0,0,0,0,0,0
KNOWSLEY,North West,England,79108,50728,192,34655,3367,39628,1490,4973,1270,0,0,0,0,0,0,0,0
LAGAN VALLEY,Northern Ireland,Northern Ireland,71152,39795,191,13000,654,0,0,2200,0,0,0,19055,1144,2500,6055,5544,2643
LANARK AND HAMILTON EAST,Scotland,Scotland,79962,55258,70,10100,8772,16876,1203,1431,0,26976,0,0,0,0,0,0,0
LANCASTER AND FLEETWOOD,North West,England,61922,41738,172,1265,16378,17643,1390,4060,2093,0,0,0,0,0,0,0,174
LEEDS CENTRAL,Yorkshire and The Humber,England,81799,45048,213,16967,7791,24758,1529,7082,3558,0,0,0,0,0,0,0,330
LEEDS EAST,Yorkshire and The Humber,England,64754,38196,186,12533,7997,20530,1296,7256,1117,0,0,0,0,0,0,0,0
LEEDS NORTH EAST,Yorkshire and The Humber,England,69097,48291,239,7250,15887,23137,2569,3706,2541,0,0,0,0,0,0,0,451
LEEDS NORTH WEST,Yorkshire and The Humber,England,61974,43357,159,2907,8083,13041,15948,2997,3042,0,0,0,0,0,0,0,246
LEEDS WEST,Yorkshire and The Humber,England,64950,38423,153,10727,7729,18456,1495,7104,3217,0,0,0,0,0,0,0,422
LEICESTER EAST,East Midlands,England,75430,48068,533,18352,11034,29386,1233,4290,1468,0,0,0,0,0,0,0,657
LEICESTER SOUTH,East Midlands,England,73518,45942,398,17845,9628,27473,2127,3832,2533,0,0,0,0,0,0,0,349
LEICESTER WEST,East Midlands,England,63204,34522,236,7203,8848,16051,1507,5950,1878,0,0,0,0,0,0,0,288
LEIGH,North West,England,75905,45123,189,14096,10216,24312,1150,8903,0,0,0,0,0,0,0,0,542
LEWES,South East,England,69481,50540,191,1083,19206,5000,18123,5427,2784,0,0,0,0,0,0,0,0
LEWISHAM DEPTFORD,London,England,73428,47426,222,21516,7056,28572,2497,2013,5932,0,0,0,0,0,0,0,1356
LEWISHAM EAST,London,England,66913,42923,133,14333,9574,23907,2455,3886,2429,0,0,0,0,0,0,0,672
LEWISHAM WEST AND PENGE,London,England,72290,48125,159,12714,11633,24347,3709,3764,4077,0,0,0,0,0,0,0,595
LEYTON AND WANSTEAD,London,England,64580,40703,171,14917,8939,23856,2304,2341,2974,0,0,0,0,0,0,0,289
LICHFIELD,West Midlands,England,74234,51467,147,18189,28389,10200,2700,8082,1976,0,0,0,0,0,0,0,120
LINCOLN,East Midlands,England,74121,46852,224,1443,19976,18533,1992,5721,0,0,0,0,0,0,0,0,630
LINLITHGOW AND EAST FALKIRK,Scotland,Scotland,86955,61597,90,12934,7384,19121,1252,1682,0,32055,0,0,0,0,0,0,103
LIVERPOOL RIVERSIDE,North West,England,70829,44263,249,24463,4245,29835,1719,2510,5372,0,0,0,0,0,0,0,582
LIVERPOOL WALTON,North West,England,61908,38403,146,27777,1802,31222,899,3445,956,0,0,0,0,0,0,0,79
LIVERPOOL WAVERTREE,North West,England,61549,40974,162,24303,4098,28401,2454,3375,2140,0,0,0,0,0,0,0,506
LIVERPOOL WEST DERBY,North West,England,63651,41031,132,27367,2710,30842,959,3475,996,0,0,0,0,0,0,0,2049
LIVINGSTON,Scotland,Scotland,82373,57547,84,16843,5929,15893,1232,1757,0,32736,0,0,0,0,0,0,0
LLANELLI,Wales,Wales,59314,38574,40,7095,5534,15948,751,6269,689,0,8853,0,0,0,0,0,530
LOUGHBOROUGH,East Midlands,England,75217,52020,210,9183,25762,16579,2130,5704,1845,0,0,0,0,0,0,0,0
LOUTH AND HORNCASTLE,East Midlands,England,74870,50336,236,14977,25755,9077,2255,10778,1549,0,0,0,0,0,0,0,922
LUDLOW,West Midlands,England,66374,48063,120,18929,26093,5902,6469,7164,2435,0,0,0,0,0,0,0,0
LUTON NORTH,East,England,67329,42571,291,9504,12739,22243,1299,5318,972,0,0,0,0,0,0,0,0
LUTON SOUTH,East,England,67741,42216,431,5711,12949,18660,3183,5129,1237,0,0,0,0,0,0,0,1058
MACCLESFIELD,North West,England,71712,49598,248,14811,26063,11252,3842,6037,2404,0,0,0,0,0,0,0,0
MAIDENHEAD,South East,England,74187,53855,183,29059,35453,6394,5337,4539,1915,0,0,0,0,0,0,0,217
MAIDSTONE AND THE WEALD,South East,England,73181,50010,111,10709,22745,5268,12036,7930,1396,0,0,0,0,0,0,0,635
MAKERFIELD,North West,England,74320,44788,131,13155,8752,23208,1639,10053,1136,0,0,0,0,0,0,0,0
MALDON,East,England,69066,48045,175,22070,29112,5690,2157,7042,1504,0,0,0,0,0,0,0,2540
MANCHESTER CENTRAL,North West,England,86078,45331,229,21639,6133,27772,1867,5033,3838,0,0,0,0,0,0,0,688
MANCHESTER GORTON,North West,England,72992,42019,275,24079,4063,28187,1782,3434,4108,0,0,0,0,0,0,0,445
MANCHESTER WITHINGTON,North West,England,74102,49966,252,14873,4872,26843,11970,2172,4048,0,0,0,0,0,0,0,61
MANSFIELD,East Midlands,England,77534,47193,136,5315,13288,18603,1642,11850,1486,0,0,0,0,0,0,0,324
MEON VALLEY,South East,England,72738,51717,103,23913,31578,5656,4987,7665,1831,0,0,0,0,0,0,0,0
MERIDEN,West Midlands,England,81928,52603,161,18795,28791,9996,2638,8908,2170,0,0,0,0,0,0,0,100
MERTHYR TYDFIL AND RHYMNEY,Wales,Wales,61716,32715,95,11513,3292,17619,1351,6106,603,0,3099,0,0,0,0,0,645
MID BEDFORDSHIRE,East,England,78501,58060,228,23327,32544,9217,4193,8966,2462,0,0,0,0,0,0,0,678
MID DERBYSHIRE,East Midlands,England,67477,47729,116,12774,24908,12134,2292,6497,1898,0,0,0,0,0,0,0,0
MIDDLESBROUGH,North East,England,61873,32706,174,12477,5388,18584,1220,6107,1407,0,0,0,0,0,0,0,0
MIDDLESBROUGH SOUTH AND EAST CLEVELAND,North East,England,71154,45677,158,2268,16925,19193,1564,6935,1060,0,0,0,0,0,0,0,0
MID DORSET AND NORTH POOLE,South West,England,64299,46499,137,10530,23639,2767,13109,5663,1321,0,0,0,0,0,0,0,0
MIDLOTHIAN,Scotland,Scotland,67875,48331,34,9859,5760,14594,1132,1173,1219,24453,0,0,0,0,0,0,0
MID NORFOLK,East,England,77154,52212,239,17276,27206,9585,3300,9930,2191,0,0,0,0,0,0,0,0
MID SUSSEX,South East,England,81034,57492,252,24286,32268,7982,6604,6898,2453,0,0,0,0,0,0,0,1287
MID ULSTER,Northern Ireland,Northern Ireland,67832,40922,395,13617,120,0,0,863,0,0,0,5465,19935,5055,6318,778,2388
MID WORCESTERSHIRE,West Midlands,England,73069,52225,199,20532,29763,7548,3750,9231,1933,0,0,0,0,0,0,0,0
MILTON KEYNES NORTH,South East,England,86826,57692,213,9753,27244,17491,3575,6852,2255,0,0,0,0,0,0,0,275
MILTON KEYNES SOUTH,South East,England,89656,58949,215,8672,27601,18929,2309,7803,1936,0,0,0,0,0,0,0,371
MITCHAM AND MORDEN,London,England,68474,45142,147,16922,10458,27380,1378,4287,1422,0,0,0,0,0,0,0,217
MOLE VALLEY,South East,England,74038,55140,192,25453,33434,4565,7981,6181,2979,0,0,0,0,0,0,0,0
MONMOUTH,Wales,Wales,62248,47462,104,10982,23701,12719,2496,4942,1629,0,1875,0,0,0,0,0,100
MONTGOMERYSHIRE,Wales,Wales,48690,33757,54,5325,15204,1900,9879,3769,1260,0,1745,0,0,0,0,0,0
MORAY,Scotland,Scotland,71685,49280,41,9065,15319,4898,1395,1939,1345,24384,0,0,0,0,0,0,0
MORECAMBE AND LUNESDALE,North West,England,66985,43242,143,4590,19691,15101,1612,5358,1395,0,0,0,0,0,0,0,85
MORLEY AND OUTWOOD,Yorkshire and The Humber,England,75820,48250,139,422,18776,18354,1426,7951,1264,0,0,0,0,0,0,0,479
MOTHERWELL AND WISHAW,Scotland,Scotland,70283,48237,42,11898,3695,15377,601,1289,0,27275,0,0,0,0,0,0,0
NA H-EILEANAN AN IAR,Scotland,Scotland,21769,15938,44,4102,1215,4560,456,0,0,8662,0,0,0,0,0,0,1045
NEATH,Wales,Wales,56097,37135,114,9548,5691,16270,1173,6094,1185,0,6722,0,0,0,0,0,0
NEWARK,East Midlands,England,73747,52302,165,18474,29834,11360,2385,6294,1792,0,0,0,0,0,0,0,637
NEWBURY,South East,England,79512,57300,205,26368,34973,4837,8605,6195,2324,0,0,0,0,0,0,0,366
NEWCASTLE-UNDER-LYME,West Midlands,England,67619,42997,125,650,15870,16520,1826,7252,1246,0,0,0,0,0,0,0,283
NEWCASTLE UPON TYNE CENTRAL,North East,England,58147,35085,97,12673,6628,19301,2218,5214,1724,0,0,0,0,0,0,0,0
NEWCASTLE UPON TYNE EAST,North East,England,64243,39222,127,12494,6884,19378,4332,4910,3426,0,0,0,0,0,0,0,292
NEWCASTLE UPON TYNE NORTH,North East,England,67902,44891,155,10153,10536,20689,4366,7447,1515,0,0,0,0,0,0,0,338
NEW FOREST EAST,South East,England,72697,49447,184,19162,27819,6018,4626,8657,2327,0,0,0,0,0,0,0,0
NEW FOREST WEST,South East,England,68446,47410,190,20604,28420,5133,3293,7816,2748,0,0,0,0,0,0,0,0
NEWPORT EAST,Wales,Wales,56015,35108,70,4705,9585,14290,2251,6466,887,0,1231,0,0,0,0,0,398
NEWPORT WEST,Wales,Wales,62137,40347,76,3510,13123,16633,1581,6134,1272,0,1604,0,0,0,0,0,0
NEWRY AND ARMAGH,Northern Ireland,Northern Ireland,77633,49877,386,4176,210,0,0,0,0,0,0,0,20488,12026,16312,841,0
NEWTON ABBOT,South West,England,69928,48253,200,11234,22794,4736,11560,6726,2216,0,0,0,0,0,0,0,221
NORMANTON PONTEFRACT AND CASTLEFORD,Yorkshire and The Humber,England,82592,45897,183,15428,9569,25213,1330,9785,0,0,0,0,0,0,0,0,0
NORTHAMPTON NORTH,East Midlands,England,59144,39411,112,3245,16699,13454,1401,6354,1503,0,0,0,0,0,0,0,0
NORTHAMPTON SOUTH,East Midlands,England,61287,38884,161,3793,16163,12370,1673,7114,1403,0,0,0,0,0,0,0,161
NORTH ANTRIM,Northern Ireland,Northern Ireland,75876,41907,209,11546,368,0,0,1341,0,0,0,18107,5143,2925,5054,2351,6618
NORTH AYRSHIRE AND ARRAN,Scotland,Scotland,75791,53869,86,13573,7968,15068,896,1296,0,28641,0,0,0,0,0,0,0
NORTH CORNWALL,South West,England,67192,48245,45,6621,21689,2621,15068,6121,2063,0,0,0,0,0,0,0,683
NORTH DEVON,South West,England,74737,52320,133,6936,22341,3699,15405,7719,3018,0,0,0,0,0,0,0,138
NORTH DORSET,South West,England,73759,53385,160,21118,30227,4785,6226,9109,3038,0,0,0,0,0,0,0,0
NORTH DOWN,Northern Ireland,Northern Ireland,64207,35947,97,9202,1593,0,0,1482,1958,0,0,8487,273,355,0,3086,18713
NORTH DURHAM,North East,England,65359,40146,60,13644,8403,22047,2046,6404,1246,0,0,0,0,0,0,0,0
NORTH EAST BEDFORDSHIRE,East,England,83551,58672,195,25644,34891,9247,3418,8579,2537,0,0,0,0,0,0,0,0
NORTH EAST CAMBRIDGESHIRE,East,England,82990,51780,226,16874,28524,7476,2314,11650,1816,0,0,0,0,0,0,0,0
NORTH EAST DERBYSHIRE,East Midlands,England,71445,47948,147,1883,17605,19488,2004,7631,1059,0,0,0,0,0,0,0,161
NORTH EAST FIFE,Scotland,Scotland,62003,45263,47,4344,7373,3476,14179,0,1387,18523,0,0,0,0,0,0,325
NORTH EAST HAMPSHIRE,South East,England,76918,54000,198,29916,35573,5290,5657,4732,2364,0,0,0,0,0,0,0,384
NORTH EAST HERTFORDSHIRE,East,England,74000,52287,196,19080,28949,9869,3952,6728,2789,0,0,0,0,0,0,0,0
NORTH EAST SOMERSET,South West,England,69380,51110,153,12749,25439,12690,4029,6150,2802,0,0,0,0,0,0,0,0
NORTH HEREFORDSHIRE,West Midlands,England,67926,48023,190,19996,26716,5478,5768,6720,3341,0,0,0,0,0,0,0,0
NORTH NORFOLK,East,England,68867,49414,136,4043,15256,5043,19299,8328,1488,0,0,0,0,0,0,0,0
NORTH SHROPSHIRE,West Midlands,England,78858,52573,116,16494,27041,10547,3148,9262,2575,0,0,0,0,0,0,0,0
NORTH SOMERSET,South West,England,80161,58942,220,23099,31540,8441,7486,7669,3806,0,0,0,0,0,0,0,0
NORTH SWINDON,South West,England,80983,52242,148,11786,26295,14509,1704,8011,1723,0,0,0,0,0,0,0,0
NORTH THANET,South East,England,71478,47053,161,10948,23045,8411,1645,12097,1719,0,0,0,0,0,0,0,136
NORTH TYNESIDE,North East,England,79300,46818,137,17194,8997,26191,2075,7618,1442,0,0,0,0,0,0,0,495
NORTH WARWICKSHIRE,West Midlands,England,70152,47377,137,2973,20042,17069,978,8256,894,0,0,0,0,0,0,0,138
NORTH WEST CAMBRIDGESHIRE,East,England,90318,61100,180,19795,32070,10927,3479,12275,2159,0,0,0,0,0,0,0,190
NORTH WEST DURHAM,North East,England,69816,42818,94,10056,10018,20074,3894,7265,1567,0,0,0,0,0,0,0,0
NORTH WEST HAMPSHIRE,South East,England,79223,55195,200,23943,32052,7342,5151,8109,2541,0,0,0,0,0,0,0,0
NORTH WEST LEICESTERSHIRE,East Midlands,England,72193,51548,170,11373,25505,14132,2033,8704,1174,0,0,0,0,0,0,0,0
NORTH WEST NORFOLK,East,England,74402,47371,226,13948,24727,10779,1673,8412,1780,0,0,0,0,0,0,0,0
NORTH WILTSHIRE,South West,England,67851,50556,111,21046,28938,4930,7892,5813,2350,0,0,0,0,0,0,0,633
NORWICH NORTH,East,England,64515,43592,173,4463,19052,14589,1894,5986,1939,0,0,0,0,0,0,0,132
NORWICH SOUTH,East,England,74875,48463,177,7654,11379,19033,6607,4539,6749,0,0,0,0,0,0,0,156
NOTTINGHAM EAST,East Midlands,England,60464,35209,253,11894,7314,19208,1475,3501,3473,0,0,0,0,0,0,0,238
NOTTINGHAM NORTH,East Midlands,England,65918,35343,22,11860,7423,19283,847,6542,1088,0,0,0,0,0,0,0,160
NOTTINGHAM SOUTH,East Midlands,England,68987,43465,234,6936,13761,20697,1532,4900,2345,0,0,0,0,0,0,0,230
NUNEATON,West Midlands,England,68037,45749,75,4882,20827,15945,816,6582,1281,0,0,0,0,0,0,0,298
OCHIL AND SOUTH PERTHSHIRE,Scotland,Scotland,77370,57871,75,10168,11987,16452,1481,1331,0,26620,0,0,0,0,0,0,0
OGMORE,Wales,Wales,55572,35250,72,13043,5620,18663,1072,5420,754,0,3556,0,0,0,0,0,165
OLD BEXLEY AND SIDCUP,London,England,66035,46748,105,15803,24682,8879,1644,8528,1336,0,0,0,0,0,0,0,1679
OLDHAM EAST AND SADDLEWORTH,North West,England,71475,44483,178,6002,11527,17529,5718,8557,1152,0,0,0,0,0,0,0,0
OLDHAM WEST AND ROYTON,North West,England,71652,43137,202,14738,8187,23630,1589,8892,839,0,0,0,0,0,0,0,0
ORKNEY AND SHETLAND,Scotland,Scotland,34552,22728,75,817,2025,1624,9407,1082,0,8590,0,0,0,0,0,0,0
ORPINGTON,London,England,68129,49032,94,19979,28152,7645,3330,8173,1732,0,0,0,0,0,0,0,0
OXFORD EAST,South East,England,78978,50689,165,15280,10076,25356,5453,3451,5890,0,0,0,0,0,0,0,463
OXFORD WEST AND ABINGDON,South East,England,76174,57247,153,9582,26153,7274,16571,3963,2497,0,0,0,0,0,0,0,789
PAISLEY AND RENFREWSHIRE NORTH,Scotland,Scotland,66206,50462,60,9076,6183,16525,1055,0,703,25601,0,0,0,0,0,0,395
PAISLEY AND RENFREWSHIRE SOUTH,Scotland,Scotland,61281,46226,69,5684,3526,17864,1010,0,0,23548,0,0,0,0,0,0,278
PENDLE,North West,England,64573,44448,198,5453,20978,15525,1487,5415,1043,0,0,0,0,0,0,0,0
PENISTONE AND STOCKSBRIDGE,Yorkshire and The Humber,England,70817,46854,206,6723,12968,19691,2957,10738,0,0,0,0,0,0,0,0,500
PENRITH AND THE BORDER,North West,England,65209,43921,143,19894,26202,6308,3745,5353,2313,0,0,0,0,0,0,0,0
PERTH AND NORTH PERTHSHIRE,Scotland,Scotland,72459,54200,64,9641,17738,4413,2059,1110,1146,27379,0,0,0,0,0,0,355
PETERBOROUGH,East,England,72530,47075,177,1925,18684,16759,1774,7485,1218,0,0,0,0,0,0,0,1155
PLYMOUTH MOOR VIEW,South West,England,68246,42606,85,1026,16020,14994,1265,9152,1023,0,0,0,0,0,0,0,152
PLYMOUTH SUTTON AND DEVONPORT,South West,England,73274,47963,157,523,18120,17597,2008,6731,3401,0,0,0,0,0,0,0,106
PONTYPRIDD,Wales,Wales,58940,37882,101,8985,6569,15554,4904,5085,992,0,4348,0,0,0,0,0,430
POOLE,South West,England,72557,47393,138,15789,23745,6102,5572,7956,2198,0,0,0,0,0,0,0,1820
POPLAR AND LIMEHOUSE,London,England,82081,51044,202,16924,12962,29886,2149,3128,2463,0,0,0,0,0,0,0,456
PORTSMOUTH NORTH,South East,England,73105,45390,157,10537,21343,10806,2828,8660,1450,0,0,0,0,0,0,0,303
PORTSMOUTH SOUTH,South East,England,71639,41903,185,5241,14585,8184,9344,5595,3145,0,0,0,0,0,0,0,1050
PRESELI PEMBROKESHIRE,Wales,Wales,57291,40556,64,4969,16383,11414,780,4257,1452,0,2518,0,0,0,0,0,3752
PRESTON,North West,England,59981,33469,140,12067,6688,18755,1244,5139,1643,0,0,0,0,0,0,0,0
PUDSEY,Yorkshire and The Humber,England,70533,50927,134,4501,23637,19136,1926,4689,1539,0,0,0,0,0,0,0,0
PUTNEY,London,England,63923,42813,115,10180,23018,12838,2717,1989,2067,0,0,0,0,0,0,0,184
RAYLEIGH AND WICKFORD,East,England,77174,53220,136,17230,29088,6705,1622,11858,1529,0,0,0,0,0,0,0,2418
READING EAST,South East,England,73232,50494,191,6520,23217,16697,3719,3647,3214,0,0,0,0,0,0,0,0
READING WEST,South East,England,72567,48404,119,6650,23082,16432,2355,4826,1406,0,0,0,0,0,0,0,303
REDCAR,North East,England,64826,40919,163,10388,6630,17946,7558,7516,880,0,0,0,0,0,0,0,389
REDDITCH,West Midlands,England,65531,44098,124,7054,20771,13717,1349,7133,960,0,0,0,0,0,0,0,168
REIGATE,South East,England,73429,51349,165,22334,29151,6578,5369,6817,3434,0,0,0,0,0,0,0,0
RHONDDA,Wales,Wales,51811,31538,58,7455,2116,15976,474,3998,453,0,8521,0,0,0,0,0,0
RIBBLE VALLEY,North West,England,77379,52243,168,13606,25404,11798,2756,8250,2193,0,0,0,0,0,0,0,1842
RICHMOND PARK,London,England,77303,59101,146,23015,34404,7296,11389,2464,3548,0,0,0,0,0,0,0,0
RICHMOND YORKS,Yorkshire and The Humber,England,79062,53999,164,19550,27744,7124,3465,8194,2313,0,0,0,0,0,0,0,5159
ROCHDALE,North West,England,77248,45430,240,12442,7742,20961,4667,8519,1382,0,0,0,0,0,0,0,2159
ROCHESTER AND STROOD,South East,England,77119,52516,164,7133,23142,10396,1251,16009,1516,0,0,0,0,0,0,0,202
ROCHFORD AND SOUTHEND EAST,East,England,71935,43608,164,9476,20241,10765,1459,8948,2195,0,0,0,0,0,0,0,0
ROMFORD,London,England,72594,49178,159,13859,25067,10268,1413,11208,1222,0,0,0,0,0,0,0,0
ROMSEY AND SOUTHAMPTON NORTH,South East,England,66519,48398,141,17712,26285,5749,8573,5511,2280,0,0,0,0,0,0,0,0
ROSSENDALE AND DARWEN,North West,England,73779,49024,140,5654,22847,17193,806,6862,1046,0,0,0,0,0,0,0,270
ROSS SKYE AND LOCHABER,Scotland,Scotland,54169,41811,39,5124,2598,2043,14995,814,1051,20119,0,0,0,0,0,0,191
ROTHERHAM,Yorkshire and The Humber,England,63698,37823,153,8446,4656,19860,1093,11414,0,0,0,0,0,0,0,0,800
ROTHER VALLEY,Yorkshire and The Humber,England,74275,47019,195,7297,10945,20501,1992,13204,0,0,0,0,0,0,0,0,377
RUGBY,West Midlands,England,71655,49006,93,10345,24040,13695,2776,6855,1415,0,0,0,0,0,0,0,225
RUISLIP NORTHWOOD AND PINNER,London,England,73216,51222,159,20224,30521,10297,2537,5598,1801,0,0,0,0,0,0,0,468
RUNNYMEDE AND WEYBRIDGE,South East,England,73771,50052,182,22134,29901,7767,3362,6951,2071,0,0,0,0,0,0,0,0
RUSHCLIFFE,East Midlands,England,73278,55164,289,13829,28354,14525,2783,5943,3559,0,0,0,0,0,0,0,0
RUTHERGLEN AND HAMILTON WEST,Scotland,Scotland,82830,57615,54,9975,4350,20304,1045,1301,0,30279,0,0,0,0,0,0,336
RUTLAND AND MELTON,East Midlands,England,79693,54603,214,21705,30383,8383,4407,8678,2325,0,0,0,0,0,0,0,427
SAFFRON WALDEN,East,England,80615,57563,219,24991,32926,6791,6079,7935,2174,0,0,0,0,0,0,0,1658
SALFORD AND ECCLES,North West,England,74291,43261,201,12541,8823,21364,1614,7806,2251,0,0,0,0,0,0,0,1403
SALISBURY,South West,England,69582,50705,68,20421,28192,7771,5099,6152,2762,0,0,0,0,0,0,0,729
SCARBOROUGH AND WHITBY,Yorkshire and The Humber,England,73511,47739,186,6200,20613,14413,2159,8162,2185,0,0,0,0,0,0,0,207
SCUNTHORPE,Yorkshire and The Humber,England,64025,36941,133,3134,12259,15393,770,6329,887,0,0,0,0,0,0,0,1303
SEDGEFIELD,North East,England,62844,38716,96,6843,11432,18275,1370,6426,1213,0,0,0,0,0,0,0,0
SEFTON CENTRAL,North West,England,67744,49021,200,11846,14513,26359,2086,4879,1184,0,0,0,0,0,0,0,0
SELBY AND AINSTY,Yorkshire and The Humber,England,76082,52804,172,13557,27725,14168,1920,7389,1465,0,0,0,0,0,0,0,137
SEVENOAKS,South East,England,71958,50124,231,19561,28531,6448,3937,8970,2238,0,0,0,0,0,0,0,0
SHEFFIELD BRIGHTSIDE AND HILLSBOROUGH,Yorkshire and The Humber,England,70874,40053,149,13807,4407,22663,1802,8856,1712,0,0,0,0,0,0,0,613
SHEFFIELD CENTRAL,Yorkshire and The Humber,England,72321,44173,199,17309,4917,24308,4278,3296,6999,0,0,0,0,0,0,0,375
SHEFFIELD HALLAM,Yorkshire and The Humber,England,72351,55481,121,2353,7544,19862,22215,3575,1772,0,0,0,0,0,0,0,513
SHEFFIELD HEELEY,Yorkshire and The Humber,England,67950,42048,131,12954,6792,20269,4746,7315,2566,0,0,0,0,0,0,0,360
SHEFFIELD SOUTH EAST,Yorkshire and The Humber,England,70422,41685,108,12311,7242,21439,2226,9128,1117,0,0,0,0,0,0,0,533
SHERWOOD,East Midlands,England,73349,50698,127,4647,22833,18186,1094,7399,1108,0,0,0,0,0,0,0,78
SHIPLEY,Yorkshire and The Humber,England,70464,50542,120,9624,25269,15645,1949,4479,2657,0,0,0,0,0,0,0,543
SHREWSBURY AND ATCHAM,West Midlands,England,76400,54102,113,9565,24628,15063,4268,7813,2247,0,0,0,0,0,0,0,83
SITTINGBOURNE AND SHEPPEY,South East,England,76018,49378,167,12168,24425,9673,1563,12257,1185,0,0,0,0,0,0,0,275
SKIPTON AND RIPON,Yorkshire and The Humber,England,76645,54559,199,20761,30248,9487,4057,7651,3116,0,0,0,0,0,0,0,0
SLEAFORD AND NORTH HYKEHAM,East Midlands,England,87972,61944,225,24115,34805,10690,3500,9716,0,0,0,0,0,0,0,0,3233
SLOUGH,South East,England,86366,48275,260,7336,16085,23421,1275,6274,1220,0,0,0,0,0,0,0,0
SOLIHULL,West Midlands,England,77956,54779,140,12902,26956,5693,14054,6361,1632,0,0,0,0,0,0,0,83
SOMERTON AND FROME,South West,England,83281,60309,168,20268,31960,4419,11692,6439,5434,0,0,0,0,0,0,0,365
SOUTHAMPTON ITCHEN,South East,England,72281,44710,115,2316,18656,16340,1595,6010,1876,0,0,0,0,0,0,0,233
SOUTHAMPTON TEST,South East,England,70270,43652,147,3810,14207,18017,2121,5566,2568,0,0,0,0,0,0,0,1173
SOUTH ANTRIM,Northern Ireland,Northern Ireland,67425,36523,211,949,415,0,0,0,0,0,0,10993,4699,2990,11942,3576,1908
SOUTH BASILDON AND EAST THURROCK,East,England,71155,45593,106,7691,19788,11493,1356,12097,0,0,0,0,0,0,0,0,859
SOUTH CAMBRIDGESHIRE,East,England,84132,61540,259,20594,31454,10860,9368,6010,3848,0,0,0,0,0,0,0,0
SOUTH DERBYSHIRE,East Midlands,England,73923,50762,190,11471,25066,13595,1887,8998,1216,0,0,0,0,0,0,0,0
SOUTH DORSET,South West,England,71534,48597,140,11994,23756,11762,2901,7304,2275,0,0,0,0,0,0,0,599
SOUTH DOWN,Northern Ireland,Northern Ireland,75220,42697,303,5891,318,0,0,3044,0,0,0,3486,12186,18077,3964,1622,0
SOUTH EAST CAMBRIDGESHIRE,East,England,84570,59506,203,16837,28845,9013,12008,6593,3047,0,0,0,0,0,0,0,0
SOUTH EAST CORNWALL,South West,England,71071,50498,78,16995,25516,4692,8521,7698,2718,0,0,0,0,0,0,0,1353
SOUTHEND WEST,East,England,66876,44509,145,14021,22175,8154,4129,7803,2083,0,0,0,0,0,0,0,165
SOUTH HOLLAND AND THE DEEPINGS,East Midlands,England,76460,49207,160,18567,29303,6122,1466,10736,1580,0,0,0,0,0,0,0,0
SOUTH LEICESTERSHIRE,East Midlands,England,76851,53926,300,16824,28700,11876,3987,9363,0,0,0,0,0,0,0,0,0
SOUTH NORFOLK,East,England,80721,57123,221,20493,30995,10502,4689,7847,3090,0,0,0,0,0,0,0,0
SOUTH NORTHAMPTONSHIRE,East Midlands,England,85781,60862,187,26416,36607,10191,3613,8204,2247,0,0,0,0,0,0,0,0
SOUTHPORT,North West,England,67326,44101,171,1322,12330,8468,13652,7429,1230,0,0,0,0,0,0,0,992
SOUTH RIBBLE,North West,England,76489,52370,162,5945,24313,18368,2312,7377,0,0,0,0,0,0,0,0,0
SOUTH SHIELDS,North East,England,62730,36265,81,10614,6021,18589,639,7975,1614,0,0,0,0,0,0,0,1427
SOUTH STAFFORDSHIRE,West Midlands,England,72771,49598,153,20371,29478,9107,1448,8267,1298,0,0,0,0,0,0,0,0
SOUTH SUFFOLK,East,England,73836,51907,179,17545,27546,10001,4044,7897,2253,0,0,0,0,0,0,0,166
SOUTH SWINDON,South West,England,73926,49263,147,5785,22777,16992,1817,5920,1757,0,0,0,0,0,0,0,0
SOUTH THANET,South East,England,70970,49401,163,2812,18838,11740,932,16026,1076,0,0,0,0,0,0,0,789
SOUTH WEST BEDFORDSHIRE,East,England,79285,51304,244,17813,28212,10399,2646,7941,2106,0,0,0,0,0,0,0,0
SOUTH WEST DEVON,South West,England,71035,50372,122,20109,28500,8391,3767,7306,2408,0,0,0,0,0,0,0,0
SOUTH WEST HERTFORDSHIRE,East,England,79668,57267,174,23263,32608,9345,5872,6603,2583,0,0,0,0,0,0,0,256
SOUTH WEST NORFOLK,East,England,76970,50110,192,13861,25515,8649,2217,11654,2075,0,0,0,0,0,0,0,0
SOUTH WEST SURREY,South East,England,77548,57119,247,28556,34199,5415,3586,5643,3105,0,0,0,0,0,0,0,5171
SOUTH WEST WILTSHIRE,South West,England,73018,51643,108,18168,27198,6948,5482,9030,2985,0,0,0,0,0,0,0,0
SPELTHORNE,South East,England,71592,49079,191,14152,24386,9114,3163,10234,1724,0,0,0,0,0,0,0,458
STAFFORD,West Midlands,England,68705,48767,173,9177,23606,14429,1348,6293,1390,0,0,0,0,0,0,0,1701
STAFFORDSHIRE MOORLANDS,West Midlands,England,63104,42587,126,10174,21770,11596,1759,6236,1226,0,0,0,0,0,0,0,0
ST ALBANS,East,England,75825,54433,156,12732,25392,12660,10076,4271,2034,0,0,0,0,0,0,0,0
STALYBRIDGE AND HYDE,North West,England,71357,41034,201,6686,11761,18447,1256,7720,1850,0,0,0,0,0,0,0,0
ST AUSTELL AND NEWQUAY,South West,England,76607,50361,95,8173,20250,5150,12077,8503,2318,0,0,0,0,0,0,0,2063
STEVENAGE,East,England,70597,47799,127,4955,21291,16336,1582,6864,1369,0,0,0,0,0,0,0,357
ST HELENS NORTH,North West,England,75262,46256,192,17291,9087,26378,2046,6983,1762,0,0,0,0,0,0,0,0
ST HELENS SOUTH AND WHISTON,North West,England,77720,48397,171,21243,7707,28950,2737,6766,2237,0,0,0,0,0,0,0,0
STIRLING,Scotland,Scotland,67236,52135,83,10480,12051,13303,1392,0,1606,23783,0,0,0,0,0,0,0
ST IVES,South West,England,65570,48312,78,2469,18491,4510,16022,5720,3051,0,0,0,0,0,0,0,518
STOCKPORT,North West,England,63931,39649,135,10061,9710,19771,3034,5206,1753,0,0,0,0,0,0,0,175
STOCKTON NORTH,North East,England,66126,39571,212,8367,11069,19436,884,7581,0,0,0,0,0,0,0,0,601
STOCKTON SOUTH,North East,England,75111,51797,147,5046,24221,19175,1366,5480,952,0,0,0,0,0,0,0,603
STOKE-ON-TRENT CENTRAL,West Midlands,England,60634,31084,150,5179,7008,12220,1296,7041,1123,0,0,0,0,0,0,0,2396
STOKE-ON-TRENT NORTH,West Midlands,England,71438,38654,168,4836,10593,15429,1137,9542,1091,0,0,0,0,0,0,0,862
STOKE-ON-TRENT SOUTH,West Midlands,England,68091,39107,159,2539,12780,15319,1309,8298,1029,0,0,0,0,0,0,0,372
STONE,West Midlands,England,67339,47031,138,16250,25733,9483,2473,7620,1191,0,0,0,0,0,0,0,531
STOURBRIDGE,West Midlands,England,69077,46029,103,6694,21195,14501,1538,7774,1021,0,0,0,0,0,0,0,0
STRANGFORD,Northern Ireland,Northern Ireland,64289,33924,180,10185,2167,0,0,2237,0,0,0,15053,876,2335,4868,4687,1701
STRATFORD-ON-AVON,West Midlands,England,71304,51459,157,22876,29674,6677,6182,6798,2128,0,0,0,0,0,0,0,0
STREATHAM,London,England,79137,49933,155,13934,12540,26474,4491,1602,4421,0,0,0,0,0,0,0,405
STRETFORD AND URMSTON,North West,England,69026,46386,183,11685,12916,24601,1362,5068,2187,0,0,0,0,0,0,0,252
STROUD,South West,England,80544,60819,121,4866,27813,22947,2086,4848,2779,0,0,0,0,0,0,0,346
SUFFOLK COASTAL,East,England,77816,55594,168,18842,28855,10013,4777,8655,3294,0,0,0,0,0,0,0,0
SUNDERLAND CENTRAL,North East,England,72950,41762,166,11179,9780,20959,1105,7997,1706,0,0,0,0,0,0,0,215
SURREY HEATH,South East,England,79515,54431,252,24804,32582,6100,4937,7778,2400,0,0,0,0,0,0,0,634
SUTTON AND CHEAM,London,England,69228,49905,116,3921,20732,5546,16811,5341,1051,0,0,0,0,0,0,0,424
SUTTON COLDFIELD,West Midlands,England,74956,50854,173,16417,27782,11365,2627,7489,1426,0,0,0,0,0,0,0,165
SWANSEA EAST,Wales,Wales,58011,33618,107,12028,5142,17807,1392,5779,0,0,3498,0,0,0,0,0,0
SWANSEA WEST,Wales,Wales,58776,35156,116,7036,7931,14967,3178,4744,1784,0,2266,0,0,0,0,0,286
TAMWORTH,West Midlands,England,71913,47174,105,11302,23606,12304,1427,8727,1110,0,0,0,0,0,0,0,0
TATTON,North West,England,65004,45298,185,18241,26552,8311,3850,4871,1714,0,0,0,0,0,0,0,0
TAUNTON DEANE,South West,England,83221,57887,158,15491,27849,5347,12358,6921,2630,0,0,0,0,0,0,0,2782
TELFORD,West Midlands,England,66166,40645,214,730,16094,15364,927,7330,930,0,0,0,0,0,0,0,0
TEWKESBURY,South West,England,78910,55344,192,21972,30176,8204,7629,7128,2207,0,0,0,0,0,0,0,0
THE COTSWOLDS,South West,England,78290,56667,197,21477,32045,5240,10568,6188,2626,0,0,0,0,0,0,0,0
THE WREKIN,West Midlands,England,65942,45437,206,10743,22579,11836,1959,7620,1443,0,0,0,0,0,0,0,0
THIRSK AND MALTON,Yorkshire and The Humber,England,77451,52365,170,19456,27545,8089,4703,7805,2404,0,0,0,0,0,0,0,1819
THORNBURY AND YATE,South West,England,66066,48570,163,1495,19924,3775,18429,5126,1316,0,0,0,0,0,0,0,0
THURROCK,East,England,77559,49564,126,536,16692,16156,644,15718,0,0,0,0,0,0,0,0,354
TIVERTON AND HONITON,South West,England,76270,53763,378,20173,29030,6835,5626,8857,3415,0,0,0,0,0,0,0,0
TONBRIDGE AND MALLING,South East,England,74877,53670,162,23734,31887,7604,3660,8153,2366,0,0,0,0,0,0,0,0
TOOTING,London,England,76782,53529,212,2842,22421,25263,2107,1537,2201,0,0,0,0,0,0,0,0
TORBAY,South West,England,76350,48079,135,3286,19551,4166,16265,6540,1557,0,0,0,0,0,0,0,0
TORFAEN,Wales,Wales,61896,37937,68,8169,8769,16938,1271,7203,746,0,2169,0,0,0,0,0,841
TORRIDGE AND WEST DEVON,South West,England,78621,56584,202,18403,28774,6015,7483,10371,3941,0,0,0,0,0,0,0,0
TOTNES,South West,England,68630,47097,170,18285,24941,5988,4667,6656,4845,0,0,0,0,0,0,0,0
TOTTENHAM,London,England,70803,42558,213,23564,5090,28654,1756,1512,3931,0,0,0,0,0,0,0,1615
TRURO AND FALMOUTH,South West,England,73601,51544,78,14000,22681,7814,8681,5967,4483,0,0,0,0,0,0,0,1918
TUNBRIDGE WELLS,South East,England,73429,51428,165,22874,30181,7307,4342,6481,2659,0,0,0,0,0,0,0,458
TWICKENHAM,London,England,80250,62004,122,2017,25580,7129,23563,3069,2463,0,0,0,0,0,0,0,200
TYNEMOUTH,North East,England,77524,53495,126,8240,17551,25791,1595,6541,2017,0,0,0,0,0,0,0,0
UPPER BANN,Northern Ireland,Northern Ireland,80060,47219,254,2264,201,0,0,0,0,0,0,15430,11593,4238,13166,1780,811
UXBRIDGE AND SOUTH RUISLIP,London,England,70631,44811,103,10695,22511,11816,2215,6346,1414,0,0,0,0,0,0,0,509
VALE OF CLWYD,Wales,Wales,56505,35261,77,237,13760,13523,915,4577,0,0,2486,0,0,0,0,0,0
VALE OF GLAMORGAN,Wales,Wales,72794,51293,86,6880,23607,16727,1309,5489,1054,0,2869,0,0,0,0,0,238
VAUXHALL,London,England,82231,47941,234,12708,13070,25778,3312,1385,3658,0,0,0,0,0,0,0,738
WAKEFIELD,Yorkshire and The Humber,England,70521,42973,106,2613,14688,17301,1483,7862,1069,0,0,0,0,0,0,0,570
WALLASEY,North West,England,65495,43366,179,16348,9828,26176,1011,5063,1288,0,0,0,0,0,0,0,0
WALSALL NORTH,West Midlands,England,67080,36883,137,1937,12455,14392,840,8122,529,0,0,0,0,0,0,0,545
WALSALL SOUTH,West Midlands,England,67743,41838,198,6007,13733,19740,676,6540,1149,0,0,0,0,0,0,0,0
WALTHAMSTOW,London,England,67015,41796,181,23195,5584,28779,1661,2507,2661,0,0,0,0,0,0,0,604
WANSBECK,North East,England,60705,38528,68,10881,8386,19267,2407,7014,1454,0,0,0,0,0,0,0,0
WANTAGE,South East,England,82931,58320,212,21749,31092,9343,7611,7288,2986,0,0,0,0,0,0,0,0
WARLEY,West Midlands,England,63738,37829,209,14702,7310,22012,805,6237,1465,0,0,0,0,0,0,0,0
WARRINGTON NORTH,North West,England,72104,45419,201,8923,12797,21720,1881,7757,1264,0,0,0,0,0,0,0,0
WARRINGTON SOUTH,North West,England,84767,59353,199,2750,25928,23178,3335,4909,1765,0,0,0,0,0,0,0,238
WARWICK AND LEAMINGTON,West Midlands,England,71578,50581,213,6606,24249,17643,2512,4183,1994,0,0,0,0,0,0,0,0
WASHINGTON AND SUNDERLAND WEST,North East,England,68190,37257,190,13157,7033,20478,993,7321,1091,0,0,0,0,0,0,0,341
WATFORD,East,England,83535,56149,211,9794,24400,14606,10152,5481,1332,0,0,0,0,0,0,0,178
WAVENEY,East,England,80166,52196,143,2408,22104,19696,1055,7580,1761,0,0,0,0,0,0,0,0
WEALDEN,South East,England,80236,57017,181,22967,32508,6165,5180,9541,3623,0,0,0,0,0,0,0,0
WEAVER VALE,North West,England,68407,46867,77,806,20227,19421,1395,4547,1183,0,0,0,0,0,0,0,94
WELLINGBOROUGH,East Midlands,England,74317,50430,239,16397,26265,9839,2240,9868,2218,0,0,0,0,0,0,0,0
WELLS,South West,England,79405,56904,182,7585,26247,3780,18662,5644,2331,0,0,0,0,0,0,0,240
WELWYN HATFIELD,East,England,73247,50205,171,12153,25281,13128,3140,6556,1742,0,0,0,0,0,0,0,358
WENTWORTH AND DEARNE,Yorkshire and The Humber,England,74283,43189,158,13838,6441,24571,1135,10733,0,0,0,0,0,0,0,0,309
WEST ABERDEENSHIRE AND KINCARDINE,Scotland,Scotland,73445,55196,43,7033,15916,2487,11812,1006,885,22949,0,0,0,0,0,0,141
WEST BROMWICH EAST,West Midlands,England,63637,37492,141,9470,9347,18817,751,7949,628,0,0,0,0,0,0,0,0
WEST BROMWICH WEST,West Midlands,England,65524,35026,130,7742,8365,16578,550,8836,697,0,0,0,0,0,0,0,0
WEST DORSET,South West,England,78000,56458,185,16130,28329,5633,12199,7055,3242,0,0,0,0,0,0,0,0
WEST DUNBARTONSHIRE,Scotland,Scotland,69208,51141,61,14171,3597,16027,816,0,0,30198,0,0,0,0,0,0,503
WEST HAM,London,England,90640,52793,217,27986,8146,36132,1430,3950,2651,0,0,0,0,0,0,0,484
WEST LANCASHIRE,North West,England,70906,49676,117,8360,16114,24474,1298,6058,1582,0,0,0,0,0,0,0,150
WESTMINSTER NORTH,London,England,62346,39514,186,1977,16527,18504,1457,1489,1322,0,0,0,0,0,0,0,215
WESTMORLAND AND LONSDALE,North West,England,65857,48929,123,8949,16245,2661,25194,3031,1798,0,0,0,0,0,0,0,0
WESTON-SUPER-MARE,South West,England,80309,52552,231,15609,25203,9594,5486,9366,2592,0,0,0,0,0,0,0,311
WEST SUFFOLK,East,England,76198,49232,197,14984,25684,8604,2465,10700,1779,0,0,0,0,0,0,0,0
WEST TYRONE,Northern Ireland,Northern Ireland,63856,38654,353,10060,169,0,0,0,780,0,0,6747,16807,6444,6144,869,694
WEST WORCESTERSHIRE,West Midlands,England,73394,54100,198,22578,30342,7244,5245,7764,3505,0,0,0,0,0,0,0,0
WIGAN,North West,England,75990,45293,126,14236,9389,23625,1255,8818,1273,0,0,0,0,0,0,0,933
WIMBLEDON,London,England,65853,48422,144,12619,25225,12606,6129,2476,1986,0,0,0,0,0,0,0,0
WINCHESTER,South East,England,74119,55316,165,16914,30425,4613,13511,4122,2645,0,0,0,0,0,0,0,0
WINDSOR,South East,England,71538,50160,189,25083,31797,6714,4323,4992,1834,0,0,0,0,0,0,0,500
WIRRAL SOUTH,North West,England,56956,41837,143,4599,15566,20165,1474,3737,895,0,0,0,0,0,0,0,0
WIRRAL WEST,North West,England,55377,41858,150,417,18481,18898,1433,2772,0,0,0,0,0,0,0,0,274
WITHAM,East,England,67090,47168,167,19554,27123,7467,2891,7569,2038,0,0,0,0,0,0,0,80
WITNEY,South East,England,79767,58482,188,25155,35201,10046,3953,5352,2970,0,0,0,0,0,0,0,960
WOKING,South East,England,74269,51964,149,20810,29199,8389,6047,5873,2109,0,0,0,0,0,0,0,347
WOKINGHAM,South East,England,77881,55999,166,24197,32329,8132,7572,5516,2092,0,0,0,0,0,0,0,358
WOLVERHAMPTON NORTH EAST,West Midlands,England,61065,34003,130,5495,10174,15669,935,6524,701,0,0,0,0,0,0,0,0
WOLVERHAMPTON SOUTH EAST,West Midlands,England,62556,34764,138,10778,7761,18539,798,7061,605,0,0,0,0,0,0,0,0
WOLVERHAMPTON SOUTH WEST,West Midlands,England,60368,40209,139,801,16573,17374,845,4310,1058,0,0,0,0,0,0,0,49
WORCESTER,West Midlands,England,72461,49723,137,5646,22534,16888,1677,6378,2024,0,0,0,0,0,0,0,222
WORKINGTON,North West,England,58615,38463,232,4686,11596,16282,1708,7538,1149,0,0,0,0,0,0,0,190
WORSLEY AND ECCLES SOUTH,North West,England,72177,42048,136,5946,12654,18600,1100,7688,1242,0,0,0,0,0,0,0,764
WORTHING WEST,South East,England,75617,50763,193,16855,26124,7955,4477,9269,2938,0,0,0,0,0,0,0,0
WREXHAM,Wales,Wales,50992,32719,55,1831,10350,12181,1735,5072,669,0,2501,0,0,0,0,0,211
WYCOMBE,South East,England,76371,51439,319,14856,26444,11588,4546,5198,3086,0,0,0,0,0,0,0,577
WYRE AND PRESTON NORTH,North West,England,70637,49893,190,14151,26528,12377,2712,6577,1699,0,0,0,0,0,0,0,0
WYRE FOREST,West Midlands,England,77407,49440,108,12871,22394,9523,1228,7967,1117,0,0,0,0,0,0,0,7211
WYTHENSHAWE AND SALE EAST,North West,England,75994,43263,168,10569,11124,21693,1927,6354,1658,0,0,0,0,0,0,0,507
YEOVIL,South West,England,82447,56933,163,5313,24178,4053,18865,7646,2191,0,0,0,0,0,0,0,0
YNYS MON,Wales,Wales,49939,34926,67,229,7393,10871,751,5121,0,0,10642,0,0,0,0,0,148
YORK CENTRAL,Yorkshire and The Humber,England,75351,47677,224,6716,13496,20212,3804,4795,4791,0,0,0,0,0,0,0,579
YORK OUTER,Yorkshire and The Humber,England,78561,53903,154,13129,26477,13348,6269,5251,2558,0,0,0,0,0,0,0,0
