constituency_name,country_name,first_party,electorate,valid_votes,invalid_votes,turnout,majority,con,lab,ld,ukip,green,snp,pc,dup,sf,sdlp,uup,alliance,other,declaration_time
Aberavon,Wales,Lab,49821,31523,57,63.38692519218804,10445,3742,15416,1397,4971,711,0,3663,0,0,0,0,0,1623,08/05/2015 03:19
Aberconwy,Wales,Con,45525,30148,59,66.35255354200989,3999,12513,8514,1391,3467,727,0,3536,0,0,0,0,0,0,08/05/2015 02:48
Aberdeen North,Scotland,SNP,67745,43936,78,64.97010849509189,13396,5304,11397,2050,0,0,24793,0,0,0,0,0,0,392,08/05/2015 03:40
Aberdeen South,Scotland,SNP,68056,48551,56,71.42206418243799,7230,11087,12991,2252,897,964,20221,0,0,0,0,0,0,139,08/05/2015 09:39
Airdrie and Shotts,Scotland,SNP,66792,44286,45,66.37172116421128,8779,3389,15108,678,1088,0,23887,0,0,0,0,0,0,136,08/05/2015 03:07
Aldershot,England,Con,72430,46191,114,63.930691702333284,14901,23369,8468,4076,8253,2025,0,0,0,0,0,0,0,0,08/05/2015 04:39
Aldridge-Brownhills,England,Con,60215,39497,105,65.76766586398738,11723,20558,8835,1330,7751,826,0,0,0,0,0,0,0,197,08/05/2015 04:55
Altrincham and Sale West,England,Con,71511,50517,158,70.863223839689,13290,26771,13481,4235,4047,1983,0,0,0,0,0,0,0,0,08/05/2015 05:34
Alyn and Deeside,Wales,Lab,62016,41314,55,66.70697884416926,3343,13197,16540,1733,7260,976,0,1608,0,0,0,0,0,0,08/05/2015 03:38
Amber Valley,England,Con,69510,45717,103,65.91857286721336,4205,20106,15901,1360,7263,1087,0,0,0,0,0,0,0,0,08/05/2015 04:31
Angus,Scotland,SNP,65792,44485,35,67.66780155642024,11230,12900,3919,1216,1355,965,24130,0,0,0,0,0,0,0,08/05/2015 02:37
Arfon,Wales,PC,40492,26837,95,66.5119035858935,3668,3521,8122,718,2277,0,0,11790,0,0,0,0,0,409,08/05/2015 02:17
Argyll and Bute,Scotland,SNP,68875,51883,59,75.41488203266788,8473,7733,5394,14486,1311,0,22959,0,0,0,0,0,0,0,08/05/2015 05:39
Arundel and South Downs,England,Con,77242,56477,242,73.43025814971129,26177,34331,6324,4062,8154,3606,0,0,0,0,0,0,0,0,08/05/2015 07:51
Ashfield,England,Lab,77091,47409,209,61.76855923518958,8820,10628,19448,7030,10150,0,0,0,0,0,0,0,0,153,08/05/2015 05:41
Ashford,England,Con,85177,57372,175,67.56166570787889,19296,30094,10580,3433,10798,2467,0,0,0,0,0,0,0,0,08/05/2015 05:19
Ashton-Under-Lyne,England,Lab,68343,38918,198,57.23483019475294,10756,8610,19366,943,8468,1531,0,0,0,0,0,0,0,0,08/05/2015 08:09
Aylesbury,England,Con,80315,55419,235,69.29465230654299,17158,28083,8391,5885,10925,2135,0,0,0,0,0,0,0,0,08/05/2015 06:00
Ayr Carrick and Cumnock,Scotland,SNP,72995,52209,59,71.60490444550996,11265,10355,14227,855,1280,0,25492,0,0,0,0,0,0,0,08/05/2015 09:40
Banbury,England,Con,86420,58008,183,67.33510761397825,18395,30749,12354,3440,8050,2686,0,0,0,0,0,0,0,729,08/05/2015 07:23
Banff and Buchan,Scotland,SNP,68609,45629,112,66.66909589120961,14339,13148,2647,2347,0,0,27487,0,0,0,0,0,0,0,08/05/2015 09:40
Barking,England,Lab,73977,43041,111,58.331643618962644,15272,7019,24826,562,9554,897,0,0,0,0,0,0,0,183,08/05/2015 04:38
Barnsley Central,England,Lab,64534,36560,110,56.82276009545356,12435,5485,20376,770,7941,938,0,0,0,0,0,0,0,1050,08/05/2015 03:34
Barnsley East,England,Lab,69135,38517,180,55.97309611629421,12034,5622,21079,1217,9045,0,0,0,0,0,0,0,0,1554,08/05/2015 04:02
Barrow and Furness,England,Lab,68338,43275,159,63.55761069975709,795,17525,18320,1169,5070,1061,0,0,0,0,0,0,0,130,08/05/2015 06:53
Basildon and Billericay,England,Con,66347,43028,198,65.15140096763983,12482,22668,10186,1636,8538,0,0,0,0,0,0,0,0,0,08/05/2015 03:23
Basingstoke,England,Con,79665,53076,219,66.8988890980983,11063,25769,14706,3919,8290,0,0,0,0,0,0,0,0,392,08/05/2015 05:17
Bassetlaw,England,Lab,76796,49289,170,64.40309391114121,8843,15122,23965,1331,7865,1006,0,0,0,0,0,0,0,0,08/05/2015 05:31
Bath,England,Con,63084,47167,192,75.07291864815167,3833,17833,6216,14000,2922,5634,0,0,0,0,0,0,0,562,08/05/2015 04:41
Batley and Spen,England,Lab,78373,50479,200,64.66385107115971,6057,15769,21826,2396,9080,1232,0,0,0,0,0,0,0,176,08/05/2015 06:29
Battersea,England,Con,76111,51031,141,67.23338282245668,7938,26730,18792,2241,1586,1682,0,0,0,0,0,0,0,0,08/05/2015 01:23
Beaconsfield,England,Con,74726,53163,261,71.49318844846506,26311,33621,6074,3927,7310,2231,0,0,0,0,0,0,0,0,08/05/2015 06:51
Beckenham,England,Con,67439,48803,119,72.54259404795445,18471,27955,9484,3378,6108,1878,0,0,0,0,0,0,0,0,08/05/2015 03:40
Bedford,England,Con,69311,46086,258,66.86384556563894,1097,19625,18528,1958,4434,1412,0,0,0,0,0,0,0,129,08/05/2015 09:19
Belfast East,Northern Ireland,DUP,63157,39682,178,63.11256076127745,2597,1121,0,0,0,1058,0,0,19575,823,127,0,16978,0,08/05/2015 02:47
Belfast North,Northern Ireland,DUP,68553,40593,294,59.64290403045819,5326,0,0,0,0,0,0,0,19096,13770,3338,0,2941,1448,08/05/2015 03:29
Belfast South,Northern Ireland,SDLP,64927,38957,183,60.2830871594252,906,582,0,0,1900,2238,0,0,8654,5402,9560,3549,6711,361,08/05/2015 03:49
Belfast West,Northern Ireland,SF,62697,35329,281,56.79697593186277,12365,34,0,0,765,0,0,0,2773,19163,3475,1088,636,7395,08/05/2015 03:04
Bermondsey and Old Southwark,England,Lab,83298,51424,206,61.982280486926456,4489,6051,22146,17657,3254,2023,0,0,0,0,0,0,0,293,08/05/2015 04:11
Berwickshire Roxburgh and Selkirk,Scotland,SNP,74214,55038,56,74.2366669361576,328,19817,2700,10294,1316,631,20145,0,0,0,0,0,0,135,08/05/2015 07:22
Berwick-Upon-Tweed,England,Con,56969,40423,78,71.09305060647019,4914,16603,6042,11689,4513,1488,0,0,0,0,0,0,0,88,08/05/2015 12:59
Bethnal Green and Bow,England,Lab,82727,52924,263,64.29218997425266,24317,8070,32387,2395,3219,4906,0,0,0,0,0,0,0,1947,08/05/2015 05:38
Beverley and Holderness,England,Con,80805,52677,159,65.38704288100983,12203,25363,13160,2900,8794,1802,0,0,0,0,0,0,0,658,08/05/2015 14:12
Bexhill and Battle,England,Con,78796,55218,300,70.45789126351592,20075,30245,7797,4199,10170,2807,0,0,0,0,0,0,0,0,08/05/2015 07:39
Bexleyheath and Crayford,England,Con,64828,43685,110,67.5556858147714,9192,20643,11451,1308,9182,950,0,0,0,0,0,0,0,151,08/05/2015 03:47
Birkenhead,England,Lab,62410,39144,125,62.92100624899856,20652,5816,26468,1396,3838,1626,0,0,0,0,0,0,0,0,08/05/2015 13:04
Birmingham Edgbaston,England,Lab,65591,41293,156,63.19312100745529,2706,15812,18518,1184,4154,1371,0,0,0,0,0,0,0,254,08/05/2015 05:58
Birmingham Erdington,England,Lab,65128,34684,109,53.42249109446014,5129,10695,15824,965,6040,948,0,0,0,0,0,0,0,212,08/05/2015 04:49
Birmingham Hall Green,England,Lab,76330,47046,277,61.99790383859557,19818,8329,28147,5459,2131,2200,0,0,0,0,0,0,0,780,08/05/2015 06:03
Birmingham Hodge Hill,England,Lab,75302,41039,267,54.85378874399086,23362,4707,28069,2624,4651,835,0,0,0,0,0,0,0,153,08/05/2015 05:16
Birmingham Ladywood,England,Lab,68128,35916,253,53.08977219351808,21868,4576,26444,1374,1805,1501,0,0,0,0,0,0,0,216,08/05/2015 05:48
Birmingham Northfield,England,Lab,71428,42461,98,59.58307666461332,2509,15164,17673,1349,7106,1169,0,0,0,0,0,0,0,0,08/05/2015 04:36
Birmingham Perry Barr,England,Lab,69943,41260,272,59.37978067855254,14828,8869,23697,2001,5032,1330,0,0,0,0,0,0,0,331,08/05/2015 06:12
Birmingham Selly Oak,England,Lab,75092,45294,175,60.55105736962659,8447,13137,21584,2517,5755,2301,0,0,0,0,0,0,0,0,08/05/2015 05:24
Birmingham Yardley,England,Lab,72146,41151,162,57.26304992653786,6595,5760,17129,10534,6637,698,0,0,0,0,0,0,0,393,08/05/2015 05:33
Bishop Auckland,England,Lab,66070,39389,68,59.71999394581504,3508,12799,16307,1723,7015,1545,0,0,0,0,0,0,0,0,08/05/2015 03:46
Blackburn,England,Lab,73260,43999,325,60.50232050232051,12760,12002,24762,955,6280,0,0,0,0,0,0,0,0,0,08/05/2015 03:14
Blackley and Broughton,England,Lab,71913,37112,194,51.876573081362196,16874,5581,22982,874,6108,1567,0,0,0,0,0,0,0,0,08/05/2015 04:35
Blackpool North and Cleveleys,England,Con,62468,39393,207,63.39245693795223,3340,17508,14168,948,5823,889,0,0,0,0,0,0,0,57,08/05/2015 05:39
Blackpool South,England,Lab,57411,32436,192,56.83231436484297,2585,10963,13548,743,5613,841,0,0,0,0,0,0,0,728,08/05/2015 05:05
Blaenau Gwent,Wales,Lab,51335,31683,74,61.86227719879225,12703,3419,18380,620,5677,738,0,2849,0,0,0,0,0,0,08/05/2015 02:16
Blaydon,England,Lab,67901,44936,96,66.32008365119808,14227,7838,22090,5497,7863,1648,0,0,0,0,0,0,0,0,08/05/2015 04:42
Blyth Valley,England,Lab,61247,38461,41,62.863487191209366,9229,8346,17813,2265,8584,1453,0,0,0,0,0,0,0,0,08/05/2015 13:00
Bognor Regis and Littlehampton,England,Con,72995,47116,224,64.85375710665114,13944,24185,6508,4240,10241,1942,0,0,0,0,0,0,0,0,08/05/2015 07:14
Bolsover,England,Lab,71979,43998,193,61.39429555842676,11778,10764,22542,1464,9228,0,0,0,0,0,0,0,0,0,08/05/2015 07:10
Bolton North East,England,Lab,67895,43161,150,63.79114809632521,4377,14164,18541,1236,8117,1103,0,0,0,0,0,0,0,0,08/05/2015 05:30
Bolton South East,England,Lab,69687,40743,134,58.65799933990557,10928,8289,20555,1072,9627,1200,0,0,0,0,0,0,0,0,08/05/2015 04:30
Bolton West,England,Con,72719,48592,197,67.0925067726454,801,19744,18943,1947,7428,0,0,0,0,0,0,0,0,530,08/05/2015 05:23
Bootle,England,Lab,70145,45152,148,64.58051179699194,28704,3639,33619,978,4915,1501,0,0,0,0,0,0,0,500,08/05/2015 03:36
Boston and Skegness,England,Con,67064,43339,179,64.89025408564953,4336,18981,7142,1015,14645,800,0,0,0,0,0,0,0,756,08/05/2015 06:25
Bosworth,England,Con,79738,53582,206,67.45591813188192,10988,22939,9354,11951,9338,0,0,0,0,0,0,0,0,0,08/05/2015 05:40
Bournemouth East,England,Con,72275,44827,191,62.287097890003466,14612,22060,7448,3752,7401,3263,0,0,0,0,0,0,0,903,08/05/2015 06:22
Bournemouth West,England,Con,72082,41773,171,58.18928442607031,12410,20155,7386,3281,7745,3107,0,0,0,0,0,0,0,99,08/05/2015 05:57
Bracknell,England,Con,81271,53086,215,65.5842797553863,20650,29606,8956,3983,8339,2202,0,0,0,0,0,0,0,0,08/05/2015 05:44
Bradford East,England,Lab,66121,41406,207,62.93461986358343,7084,4682,19312,12228,4103,871,0,0,0,0,0,0,0,210,08/05/2015 05:43
Bradford South,England,Lab,63674,37600,106,59.21726293306531,6450,9878,16328,1094,9057,1243,0,0,0,0,0,0,0,0,08/05/2015 06:23
Bradford West,England,Lab,63372,40290,237,63.95095625828442,11420,6160,19977,1173,3140,1085,0,0,0,0,0,0,0,8755,08/05/2015 06:07
Braintree,England,Con,73557,50283,201,68.6324890900934,17610,27071,9296,2488,9461,1564,0,0,0,0,0,0,0,403,08/05/2015 05:45
Brecon and Radnorshire,Wales,Con,54441,40074,71,73.74037949339652,5102,16453,5904,11351,3338,1261,0,1767,0,0,0,0,0,0,08/05/2015 02:53
Brent Central,England,Lab,77038,47032,260,61.38788649757263,19649,9567,29216,3937,1850,1912,0,0,0,0,0,0,0,550,08/05/2015 03:39
Brentford and Isleworth,England,Lab,84602,57355,147,67.96766033899908,465,24631,25096,2305,3203,2120,0,0,0,0,0,0,0,0,08/05/2015 04:57
Brent North,England,Lab,82196,52235,291,63.90335296121465,10834,17517,28351,2607,2024,1539,0,0,0,0,0,0,0,197,08/05/2015 04:36
Brentwood and Ongar,England,Con,71918,51897,151,72.37131177174004,21810,30534,6492,4577,8724,1397,0,0,0,0,0,0,0,173,08/05/2015 04:30
Bridgend,Wales,Lab,59998,39453,63,65.86219540651355,1927,12697,14624,1648,5911,736,0,2784,0,0,0,0,0,1053,08/05/2015 09:21
Bridgwater and West Somerset,England,Con,80491,54447,203,67.89578959138288,14583,25020,9589,6765,10437,2636,0,0,0,0,0,0,0,0,08/05/2015 08:33
Brigg and Goole,England,Con,68488,43270,168,63.42424950356267,11176,22946,11770,764,6694,915,0,0,0,0,0,0,0,181,08/05/2015 05:26
Brighton Kemptown,England,Con,67858,45306,177,67.02673229390787,690,18428,17738,1365,4446,3187,0,0,0,0,0,0,0,142,08/05/2015 06:46
Brighton Pavilion,England,Green,76557,54676,186,71.661637733976,7967,12448,14904,1525,2724,22871,0,0,0,0,0,0,0,204,08/05/2015 07:36
Bristol East,England,Lab,71193,46213,162,65.13983116317615,3980,14168,18148,2689,7152,3827,0,0,0,0,0,0,0,229,08/05/2015 05:50
Bristol North West,England,Con,74743,51805,121,69.47272654295385,4944,22767,17823,3214,4889,2952,0,0,0,0,0,0,0,160,08/05/2015 04:32
Bristol South,England,Lab,81496,50842,164,62.58712084028664,7128,12377,19505,4416,8381,5861,0,0,0,0,0,0,0,302,08/05/2015 06:11
Bristol West,England,Lab,91236,64218,198,70.60370906221229,5673,9752,22900,12103,1940,17227,0,0,0,0,0,0,0,296,08/05/2015 06:48
Broadland,England,Con,73552,53089,182,72.42631063737221,16838,26808,9970,5178,8881,2252,0,0,0,0,0,0,0,0,08/05/2015 09:30
Bromley and Chislehurst,England,Con,65477,44066,131,67.50003818134613,13564,23343,9779,2836,6285,1823,0,0,0,0,0,0,0,0,08/05/2015 03:10
Bromsgrove,England,Con,73337,52245,173,71.47551713323425,16529,28133,11604,2616,8163,1729,0,0,0,0,0,0,0,0,08/05/2015 07:07
Broxbourne,England,Con,72944,46024,125,63.266341302917304,16723,25797,8470,1467,9074,1216,0,0,0,0,0,0,0,0,08/05/2015 02:28
Broxtowe,England,Con,71764,53440,200,74.7449974917786,4287,24163,19876,2120,5674,1544,0,0,0,0,0,0,0,63,08/05/2015 05:11
Buckingham,England,Spk,77425,53692,1289,71.01194704552793,22942,0,0,0,11675,7400,0,0,0,0,0,0,0,34617,08/05/2015 06:19
Burnley,England,Lab,64477,39746,150,61.87632799292771,3244,5374,14951,11707,6864,850,0,0,0,0,0,0,0,0,08/05/2015 02:54
Burton,England,Con,75248,48974,176,65.3173506272592,10892,24376,13484,1232,8658,1224,0,0,0,0,0,0,0,0,08/05/2015 05:45
Bury North,England,Con,67580,45230,186,67.20331459011541,378,18970,18592,932,5595,1141,0,0,0,0,0,0,0,0,08/05/2015 05:17
Bury South,England,Lab,73883,47215,181,64.15007511876887,4922,16350,21272,1690,6299,1434,0,0,0,0,0,0,0,170,08/05/2015 04:34
Bury St Edmunds,England,Con,85982,59341,237,69.29124700518713,21301,31815,10514,3581,8739,4692,0,0,0,0,0,0,0,0,08/05/2015 07:10
Caerphilly,Wales,Lab,63603,40283,81,63.46241529487603,10073,6683,17864,935,7791,937,0,5895,0,0,0,0,0,178,08/05/2015 02:59
Caithness Sutherland and Easter Ross,Scotland,SNP,47558,34186,45,71.97737499474326,3844,2326,3061,11987,981,0,15831,0,0,0,0,0,0,0,08/05/2015 04:44
Calder Valley,England,Con,77754,53541,220,69.14242354091108,4427,23354,18927,2666,5950,2090,0,0,0,0,0,0,0,554,08/05/2015 08:01
Camberwell and Peckham,England,Lab,82746,51561,218,62.57583448142508,25824,6790,32614,2580,2413,5187,0,0,0,0,0,0,0,1977,08/05/2015 04:46
Camborne and Redruth,England,Con,66944,45868,84,68.64244741873804,7004,18452,11448,5687,6776,2608,0,0,0,0,0,0,0,897,08/05/2015 05:02
Cambridge,England,Lab,83384,51774,171,62.29612395663436,599,8117,18646,18047,2668,4109,0,0,0,0,0,0,0,187,08/05/2015 06:00
Cannock Chase,England,Con,74532,47099,169,63.419739172435996,4923,20811,15888,1270,8224,906,0,0,0,0,0,0,0,0,08/05/2015 05:12
Canterbury,England,Con,81341,53465,182,65.95320932862886,9798,22918,13120,6227,7289,3746,0,0,0,0,0,0,0,165,08/05/2015 04:40
Cardiff Central,Wales,Lab,57456,38646,117,67.46553884711778,4981,5674,15462,10481,2499,2461,0,1925,0,0,0,0,0,144,08/05/2015 03:29
Cardiff North,Wales,Con,67196,51151,80,76.24114530626824,2137,21709,19572,1953,3953,1254,0,2301,0,0,0,0,0,409,08/05/2015 04:10
Cardiff South and Penarth,Wales,Lab,76006,46667,121,61.558298029102964,7453,12513,19966,2318,6423,1746,0,3443,0,0,0,0,0,258,08/05/2015 03:45
Cardiff West,Wales,Lab,66762,43792,113,65.76345825469578,6789,11014,17803,2069,4923,1704,0,6096,0,0,0,0,0,183,08/05/2015 06:07
Carlisle,England,Con,65827,42587,93,64.8366171935528,2774,18873,16099,1087,5277,1125,0,0,0,0,0,0,0,126,08/05/2015 03:46
Carmarthen East and Dinefwr,Wales,PC,55750,39399,61,70.78026905829596,5599,8336,9541,928,4363,1091,0,15140,0,0,0,0,0,0,08/05/2015 02:46
Carmarthen West and South Pembrokeshire,Wales,Con,57755,40350,69,69.98355120768764,6054,17626,11572,963,4698,1290,0,4201,0,0,0,0,0,0,08/05/2015 03:56
Carshalton and Wallington,England,LD,69981,47613,131,68.22423229162202,1510,15093,7150,16603,7049,1492,0,0,0,0,0,0,0,226,08/05/2015 04:37
Castle Point,England,Con,68170,45450,117,66.8431861522664,8934,23112,6283,801,14178,1076,0,0,0,0,0,0,0,0,08/05/2015 09:17
Central Ayrshire,Scotland,SNP,70021,50774,68,72.60964567772525,13589,8803,13410,917,0,645,26999,0,0,0,0,0,0,0,08/05/2015 03:52
Central Devon,England,Con,72737,54448,192,75.11995270632553,21265,28436,6985,6643,7171,4866,0,0,0,0,0,0,0,347,08/05/2015 11:27
Central Suffolk and North Ipswich,England,Con,76666,54089,145,70.74061513578378,20144,30317,10173,3314,7459,2664,0,0,0,0,0,0,0,162,08/05/2015 06:48
Ceredigion,Wales,LD,54242,37416,96,69.15674200803805,3067,4123,3615,13414,3829,2088,0,10347,0,0,0,0,0,0,08/05/2015 02:11
Charnwood,England,Con,77269,52261,177,67.86421462682317,16931,28384,11453,3605,8330,0,0,0,0,0,0,0,0,489,08/05/2015 06:31
Chatham and Aylesford,England,Con,66355,43073,166,65.16313766860071,11455,21614,10159,1360,8581,1101,0,0,0,0,0,0,0,258,08/05/2015 08:27
Cheadle,England,Con,73239,53095,169,72.72627971435983,6453,22889,8673,16436,4423,0,0,0,0,0,0,0,0,674,08/05/2015 07:09
Chelmsford,England,Con,78580,53817,190,68.72868414354798,18250,27732,9482,6394,7652,1892,0,0,0,0,0,0,0,665,08/05/2015 03:12
Chelsea and Fulham,England,Con,63478,40226,133,63.579507860991214,16022,25322,9300,2091,2039,1474,0,0,0,0,0,0,0,0,08/05/2015 03:35
Cheltenham,England,Con,77287,53735,104,69.66113317893048,6516,24790,3902,18274,3808,2689,0,0,0,0,0,0,0,272,08/05/2015 04:46
Chesham and Amersham,England,Con,72547,52730,249,73.02714102581774,23920,31138,6712,4761,7218,2901,0,0,0,0,0,0,0,0,08/05/2015 06:29
Chesterfield,England,Lab,71625,45567,179,63.86876090750436,13598,8231,21829,6301,7523,1352,0,0,0,0,0,0,0,331,08/05/2015 04:46
Chichester,England,Con,83396,57139,198,68.75269797112571,24413,32953,6933,4865,8540,3742,0,0,0,0,0,0,0,106,08/05/2015 06:43
Chingford and Woodford Green,England,Con,66680,43804,129,65.88632273545291,8386,20999,12613,2400,5644,1854,0,0,0,0,0,0,0,294,08/05/2015 06:20
Chippenham,England,Con,74218,55407,100,74.78913471125604,10076,26354,4561,16278,5884,2330,0,0,0,0,0,0,0,0,08/05/2015 03:43
Chipping Barnet,England,Con,77807,53013,139,68.31261968717467,7656,25759,18103,2381,4151,2501,0,0,0,0,0,0,0,118,08/05/2015 04:56
Chorley,England,Lab,74679,51712,142,69.43585211371335,4530,18792,23322,1354,6995,1111,0,0,0,0,0,0,0,138,08/05/2015 05:20
Christchurch,England,Con,69303,49707,233,72.06037256684414,18224,28887,4745,3263,10663,2149,0,0,0,0,0,0,0,0,08/05/2015 05:44
Cities Of London and Westminster,England,Con,60992,36185,167,59.60125918153201,9671,19570,9899,2521,1894,1953,0,0,0,0,0,0,0,348,08/05/2015 02:54
City Of Chester,England,Lab,74485,51161,228,68.9924145801168,93,22025,22118,2870,4148,0,0,0,0,0,0,0,0,0,08/05/2015 07:15
City Of Durham,England,Lab,68725,45669,116,66.62058930520189,11439,10157,21596,5153,5232,2687,0,0,0,0,0,0,0,844,08/05/2015 04:57
Clacton,England,UKIP,68936,44207,168,64.37130091679238,3437,16205,6364,812,19642,1184,0,0,0,0,0,0,0,0,08/05/2015 04:38
Cleethorpes,England,Con,71008,45089,132,63.684373591707974,7893,21026,13133,1346,8356,1013,0,0,0,0,0,0,0,215,08/05/2015 04:48
Clwyd South,Wales,Lab,54996,35064,55,63.85737144519601,2402,10649,13051,1349,5480,915,0,3620,0,0,0,0,0,0,08/05/2015 01:44
Clwyd West,Wales,Con,58644,38028,76,64.97510401746129,6730,16463,9733,1387,4988,0,0,4651,0,0,0,0,0,806,08/05/2015 03:33
Coatbridge Chryston and Bellshill,Scotland,SNP,73894,50698,55,68.68351963623569,11501,3209,17195,549,1049,0,28696,0,0,0,0,0,0,0,08/05/2015 03:45
Colchester,England,Con,74204,48593,117,65.64336154385208,5575,18919,7852,13344,5870,2499,0,0,0,0,0,0,0,109,08/05/2015 05:44
Colne Valley,England,Con,82516,56800,153,69.02055358960686,5378,25246,19868,3407,5734,1919,0,0,0,0,0,0,0,626,08/05/2015 06:16
Congleton,England,Con,72503,50976,166,70.53777085086135,16773,27164,10391,4623,6922,1876,0,0,0,0,0,0,0,0,08/05/2015 09:00
Copeland,England,Lab,62087,39631,151,64.07460498977242,2564,14186,16750,1368,6148,1179,0,0,0,0,0,0,0,0,08/05/2015 05:13
Corby,England,Con,79775,56174,132,70.58100908806017,2412,24023,21611,1458,7708,1374,0,0,0,0,0,0,0,0,08/05/2015 06:00
Coventry North East,England,Lab,75462,42231,185,56.208422782327524,12274,9751,22025,2007,6278,1245,0,0,0,0,0,0,0,925,08/05/2015 04:52
Coventry North West,England,Lab,73626,45246,172,61.6874473691359,4509,14048,18557,1810,7101,1961,0,0,0,0,0,0,0,1769,08/05/2015 03:39
Coventry South,England,Lab,70397,43699,178,62.32794011108428,3188,15284,18472,1779,5709,1719,0,0,0,0,0,0,0,736,08/05/2015 03:26
Crawley,England,Con,73936,48550,130,65.840727115343,6526,22829,16303,1339,6979,1100,0,0,0,0,0,0,0,0,08/05/2015 03:49
Crewe and Nantwich,England,Con,74169,49896,213,67.56057112809934,3620,22445,18825,1374,7252,0,0,0,0,0,0,0,0,0,08/05/2015 09:18
Croydon Central,England,Con,78171,52941,102,67.85508692481866,165,22753,22588,1152,4810,1454,0,0,0,0,0,0,0,184,08/05/2015 06:35
Croydon North,England,Lab,85941,53522,188,62.496363784456776,21364,12149,33513,1919,2899,2515,0,0,0,0,0,0,0,527,08/05/2015 04:53
Croydon South,England,Con,82010,57712,146,70.54993293500793,17140,31448,14308,3448,6068,2154,0,0,0,0,0,0,0,286,08/05/2015 05:48
Cumbernauld Kilsyth and Kirkintilloch East,Scotland,SNP,67088,49382,126,73.79561173384211,14752,3891,14820,1099,0,0,29572,0,0,0,0,0,0,0,08/05/2015 03:27
Cynon Valley,Wales,Lab,51422,30472,83,59.420092567383605,9406,3676,14532,830,4976,799,0,5126,0,0,0,0,0,533,08/05/2015 03:47
Dagenham and Rainham,England,Lab,69128,43050,83,62.39584538826525,4980,10492,17830,717,12850,806,0,0,0,0,0,0,0,355,08/05/2015 03:44
Darlington,England,Lab,65851,41141,163,62.723421056627835,3158,14479,17637,1966,5392,1444,0,0,0,0,0,0,0,223,08/05/2015 02:29
Dartford,England,Con,75209,52418,199,69.96104189658152,12345,25670,13325,1454,10434,1324,0,0,0,0,0,0,0,211,08/05/2015 06:31
Daventry,England,Con,72873,52518,137,72.25584235587941,21059,30550,9491,2352,8296,1829,0,0,0,0,0,0,0,0,08/05/2015 06:09
Delyn,Wales,Lab,53639,37457,66,69.95469714200489,2930,12257,15187,1380,6150,680,0,1803,0,0,0,0,0,0,08/05/2015 03:47
Denton and Reddish,England,Lab,66141,38681,144,58.70035227770975,10511,9150,19661,957,7225,1466,0,0,0,0,0,0,0,222,08/05/2015 08:33
Derby North,England,Con,69794,44745,137,64.3063873685417,41,16402,16361,3832,6532,1618,0,0,0,0,0,0,0,0,08/05/2015 09:00
Derbyshire Dales,England,Con,63476,47361,130,74.8172537652026,14044,24805,10761,3965,5508,2173,0,0,0,0,0,0,0,149,08/05/2015 06:38
Derby South,England,Lab,70240,40820,166,58.35136674259681,8828,11179,20007,1717,6341,1208,0,0,0,0,0,0,0,368,08/05/2015 09:41
Devizes,England,Con,69205,49006,132,71.00354020663247,20751,28295,6360,3954,7544,2853,0,0,0,0,0,0,0,0,08/05/2015 04:35
Dewsbury,England,Lab,79770,53630,238,67.52914629559984,1451,20955,22406,1924,6649,1366,0,0,0,0,0,0,0,330,08/05/2015 07:24
Doncaster Central,England,Lab,71136,40420,208,57.11313540260908,10093,8386,19840,1717,9747,0,0,0,0,0,0,0,0,730,08/05/2015 05:46
Doncaster North,England,Lab,70989,39501,166,55.87767118849399,11780,7235,20708,1005,8928,757,0,0,0,0,0,0,0,868,08/05/2015 05:22
Don Valley,England,Lab,71299,42486,171,59.828328588058746,8885,10736,19621,1487,9963,0,0,0,0,0,0,0,0,679,08/05/2015 05:50
Dover,England,Con,72930,50224,199,69.1389003153709,6294,21737,15443,1572,10177,1295,0,0,0,0,0,0,0,0,08/05/2015 04:52
Dudley North,England,Lab,60717,37992,97,62.73201903914883,4181,11704,15885,478,9113,517,0,0,0,0,0,0,0,295,08/05/2015 05:07
Dudley South,England,Con,60363,38210,85,63.441180855822275,4270,16723,12453,828,7236,970,0,0,0,0,0,0,0,0,08/05/2015 05:22
Dulwich and West Norwood,England,Lab,76575,51362,186,67.31700946784198,16122,11650,27772,5055,1606,4844,0,0,0,0,0,0,0,435,08/05/2015 03:33
Dumfries and Galloway,Scotland,SNP,75249,56602,66,75.30731305399408,6514,16926,13982,953,1301,0,23440,0,0,0,0,0,0,0,08/05/2015 05:11
Dumfriesshire Clydesdale and Tweeddale,Scotland,Con,68483,52134,34,76.17656936758027,798,20759,7711,1392,1472,839,19961,0,0,0,0,0,0,0,08/05/2015 04:56
Dundee East,Scotland,SNP,67822,48185,73,71.15390286337767,19162,7206,9603,1387,0,895,28765,0,0,0,0,0,0,329,08/05/2015 02:40
Dundee West,Scotland,SNP,65927,44714,46,67.89327589606687,17092,3852,10592,1057,0,1225,27684,0,0,0,0,0,0,304,08/05/2015 02:27
Dunfermline and West Fife,Scotland,SNP,78037,55890,78,71.71982521111781,10352,6623,17744,2232,0,1195,28096,0,0,0,0,0,0,0,08/05/2015 03:30
Dwyfor Meirionnydd,Wales,PC,44394,28913,65,65.27458665585439,5261,6550,3904,1153,3126,981,0,11811,0,0,0,0,0,1388,08/05/2015 03:24
Ealing Central and Acton,England,Lab,71422,50894,165,71.4891770042844,274,21728,22002,3106,1926,1841,0,0,0,0,0,0,0,291,08/05/2015 02:57
Ealing North,England,Lab,73881,48510,198,65.92764039468875,12326,14419,26745,1575,3922,1635,0,0,0,0,0,0,0,214,08/05/2015 03:15
Ealing Southall,England,Lab,65606,43321,182,66.30948388866872,18760,9387,28147,1550,1769,2007,0,0,0,0,0,0,0,461,08/05/2015 03:37
Easington,England,Lab,61659,34624,53,56.23996496861772,14641,4478,21132,834,6491,733,0,0,0,0,0,0,0,956,08/05/2015 03:11
East Antrim,Northern Ireland,DUP,62811,33497,191,53.63391762589356,5795,549,0,0,3660,0,0,0,12103,2314,1639,6308,5021,1903,08/05/2015 02:30
Eastbourne,England,Con,78262,52907,154,67.79918734507169,733,20934,4143,20201,6139,1351,0,0,0,0,0,0,0,139,08/05/2015 04:39
East Devon,England,Con,76519,54717,217,71.79131980292478,12261,25401,5591,3715,6870,0,0,0,0,0,0,0,0,13140,08/05/2015 07:19
East Dunbartonshire,Scotland,SNP,66966,54871,47,82.00878057521727,2167,4727,6754,19926,567,804,22093,0,0,0,0,0,0,0,08/05/2015 02:46
East Ham,England,Lab,87382,52290,211,60.08216795220984,34252,6311,40563,856,2622,1299,0,0,0,0,0,0,0,639,08/05/2015 05:27
East Hampshire,England,Con,71074,51649,218,72.97605312772603,25147,31334,5220,5732,6187,3176,0,0,0,0,0,0,0,0,08/05/2015 06:03
East Kilbride Strathaven and Lesmahagow,Scotland,SNP,83205,60539,64,72.83576708130522,16527,7129,17151,1042,1221,0,33678,0,0,0,0,0,0,318,08/05/2015 02:36
Eastleigh,England,Con,79609,55505,158,69.92048637716842,9147,23464,7181,14317,8783,1513,0,0,0,0,0,0,0,247,08/05/2015 04:37
East Londonderry,Northern Ireland,DUP,66926,34714,251,52.2442697905149,7804,422,0,0,0,0,0,0,14663,6859,4268,5333,2642,527,08/05/2015 06:08
East Lothian,Scotland,SNP,79481,59014,36,74.29448547451592,6803,11511,18301,1517,1178,1245,25104,0,0,0,0,0,0,158,08/05/2015 04:05
East Renfrewshire,Scotland,SNP,69982,56730,95,81.19945128747392,3718,12465,19295,1069,888,0,23013,0,0,0,0,0,0,0,08/05/2015 03:15
East Surrey,England,Con,79654,56103,161,70.6354985311472,22658,32211,6627,5189,9553,2159,0,0,0,0,0,0,0,364,08/05/2015 05:00
East Worthing and Shoreham,England,Con,74775,49898,199,66.99699097291875,14949,24686,9737,3360,8267,2605,0,0,0,0,0,0,0,1243,08/05/2015 07:13
East Yorkshire,England,Con,81023,49991,227,61.97993162435358,14933,25276,10343,2966,8955,1731,0,0,0,0,0,0,0,720,08/05/2015 04:58
Eddisbury,England,Con,68569,47352,178,69.31703831177354,12974,24167,11193,4289,5778,1624,0,0,0,0,0,0,0,301,08/05/2015 05:23
Edinburgh East,Scotland,SNP,67141,47089,69,70.23726188171162,9106,4670,14082,1325,898,2809,23188,0,0,0,0,0,0,117,08/05/2015 04:46
Edinburgh North and Leith,Scotland,SNP,80910,58008,76,71.7884068718329,5597,9378,18145,2634,847,3140,23742,0,0,0,0,0,0,122,08/05/2015 04:36
Edinburgh South,Scotland,Lab,65801,49286,54,74.98366286226653,2637,8626,19293,1823,601,2090,16656,0,0,0,0,0,0,197,08/05/2015 04:32
Edinburgh South West,Scotland,SNP,72149,51602,74,71.62400033264494,8135,10444,14033,1920,1072,1965,22168,0,0,0,0,0,0,0,08/05/2015 09:41
Edinburgh West,Scotland,SNP,71717,54858,49,76.56064810296024,3210,6732,6425,18168,1015,1140,21378,0,0,0,0,0,0,0,08/05/2015 05:10
Edmonton,England,Lab,66016,41338,161,62.86203344643722,15419,9969,25388,897,3366,1358,0,0,0,0,0,0,0,360,08/05/2015 05:31
Ellesmere Port and Neston,England,Lab,69223,46727,160,67.73326784450255,6275,16041,22316,1563,5594,990,0,0,0,0,0,0,0,223,08/05/2015 05:44
Elmet and Rothwell,England,Con,79143,57797,153,73.22188949117421,8490,27978,19488,2640,6430,1261,0,0,0,0,0,0,0,0,08/05/2015 06:44
Eltham,England,Lab,63998,43157,97,67.58648707772117,2693,15700,18393,1308,6481,1275,0,0,0,0,0,0,0,0,08/05/2015 05:32
Enfield North,England,Lab,68118,46137,117,67.90275698053378,1086,19086,20172,1059,4133,1303,0,0,0,0,0,0,0,384,08/05/2015 04:46
Enfield Southgate,England,Con,64937,45812,130,70.74857169256357,4753,22624,17871,1518,2109,1690,0,0,0,0,0,0,0,0,08/05/2015 03:49
Epping Forest,England,Con,73447,49348,142,67.38192165779405,17978,27027,7962,3448,9049,1782,0,0,0,0,0,0,0,80,08/05/2015 04:36
Epsom and Ewell,England,Con,78633,57143,189,72.91086439535563,24443,33309,8866,5002,7117,2116,0,0,0,0,0,0,0,733,08/05/2015 06:34
Erewash,England,Con,71943,48322,146,67.37000125099037,3584,20636,17052,1658,7792,1184,0,0,0,0,0,0,0,0,08/05/2015 05:33
Erith and Thamesmead,England,Lab,70397,42617,97,60.6758810744776,9525,11684,21209,972,7368,941,0,0,0,0,0,0,0,443,08/05/2015 04:32
Esher and Walton,England,Con,79894,56976,189,71.5510551480712,28616,35845,7229,5372,5551,2355,0,0,0,0,0,0,0,624,08/05/2015 04:38
Exeter,England,Lab,76968,54018,200,70.44226171915601,7183,17879,25062,2321,5075,3491,0,0,0,0,0,0,0,190,08/05/2015 04:32
Falkirk,Scotland,SNP,83380,60340,57,72.43583593187815,19701,7325,15130,1225,1829,0,34831,0,0,0,0,0,0,0,08/05/2015 02:29
Fareham,England,Con,77114,54700,118,71.08696215991908,22262,30689,7800,4814,8427,2129,0,0,0,0,0,0,0,841,08/05/2015 02:34
Faversham and Mid Kent,England,Con,69523,45803,104,66.03138529695208,16652,24895,7403,3039,8243,1768,0,0,0,0,0,0,0,455,08/05/2015 06:41
Feltham and Heston,England,Lab,82340,49405,142,60.17367014816614,11463,14382,25845,1579,6209,1390,0,0,0,0,0,0,0,0,08/05/2015 04:30
Fermanagh and South Tyrone,Northern Ireland,UUP,70108,50864,286,72.95886346779254,530,0,0,0,0,788,0,0,0,23078,2732,23608,658,0,08/05/2015 05:24
Filton and Bradley Stoke,England,Con,71310,49101,152,69.06885429813491,9838,22920,13082,3581,7261,2257,0,0,0,0,0,0,0,0,08/05/2015 05:54
Finchley and Golders Green,England,Con,72530,50759,133,70.16682751964704,5662,25835,20173,1662,1732,1357,0,0,0,0,0,0,0,0,08/05/2015 05:13
Folkestone and Hythe,England,Con,83651,55010,265,66.07811024375081,13797,26323,7939,4882,12526,2956,0,0,0,0,0,0,0,384,08/05/2015 05:16
Forest Of Dean,England,Con,69865,49520,184,71.1429184856509,10987,23191,12204,2630,8792,2703,0,0,0,0,0,0,0,0,08/05/2015 07:47
Foyle,Northern Ireland,SDLP,70036,37002,526,53.58387115197898,6046,132,0,0,832,0,0,0,4573,11679,17725,1226,835,0,08/05/2015 01:42
Fylde,England,Con,65679,43557,190,66.60728695625696,13224,21406,8182,1623,5569,1381,0,0,0,0,0,0,0,5396,08/05/2015 05:37
Gainsborough,England,Con,74686,49261,189,66.21053477224648,15449,25949,10500,3290,7727,1290,0,0,0,0,0,0,0,505,08/05/2015 07:21
Garston and Halewood,England,Lab,73719,48983,192,66.70600523609924,27146,6693,33839,2279,4482,1690,0,0,0,0,0,0,0,0,08/05/2015 04:41
Gateshead,England,Lab,64524,37949,96,58.96255656809869,14784,5502,21549,2585,6765,1548,0,0,0,0,0,0,0,0,08/05/2015 04:40
Gedling,England,Lab,70000,47998,145,68.77571428571429,2986,17321,20307,1906,6930,1534,0,0,0,0,0,0,0,0,08/05/2015 07:48
Gillingham and Rainham,England,Con,70984,47078,194,66.59528907922912,10530,22590,12060,1707,9199,1133,0,0,0,0,0,0,0,389,08/05/2015 08:48
Glasgow Central,Scotland,SNP,70945,39318,63,55.50919726548735,7662,2359,12996,612,786,1559,20658,0,0,0,0,0,0,348,08/05/2015 04:10
Glasgow East,Scotland,SNP,70378,42417,29,60.311460967916105,10387,2544,13729,318,1105,381,24116,0,0,0,0,0,0,224,08/05/2015 03:23
Glasgow North,Scotland,SNP,60169,36922,65,61.47185427711944,9295,2901,10315,1012,486,2284,19610,0,0,0,0,0,0,314,08/05/2015 03:20
Glasgow North East,Scotland,SNP,66678,37857,88,56.90782566963616,9222,1769,12754,300,0,615,21976,0,0,0,0,0,0,443,08/05/2015 03:46
Glasgow North West,Scotland,SNP,68418,43854,107,64.25355900494021,10364,3692,13544,1194,0,1167,23908,0,0,0,0,0,0,349,08/05/2015 04:00
Glasgow South,Scotland,SNP,74051,48778,87,65.98830535711873,12269,4752,14504,1019,0,1431,26773,0,0,0,0,0,0,299,08/05/2015 03:54
Glasgow South West,Scotland,SNP,66209,40921,44,61.872253016961444,9950,2036,13438,406,970,507,23388,0,0,0,0,0,0,176,08/05/2015 03:32
Glenrothes,Scotland,SNP,69781,47598,53,68.28649632421433,13897,3685,14562,892,0,0,28459,0,0,0,0,0,0,0,08/05/2015 02:30
Gloucester,England,Con,82968,52575,111,63.50159097483367,7251,23837,16586,2828,7497,1485,0,0,0,0,0,0,0,342,08/05/2015 05:02
Gordon,Scotland,SNP,79393,58161,62,73.33518068343557,8687,6807,3441,19030,1166,0,27717,0,0,0,0,0,0,0,08/05/2015 06:45
Gosport,England,Con,73268,47665,86,65.17306327455368,17098,26364,6926,3298,9266,1707,0,0,0,0,0,0,0,104,08/05/2015 02:57
Gower,Wales,Con,61820,42758,57,69.25752183759302,27,15862,15835,1552,4773,1161,0,3051,0,0,0,0,0,524,08/05/2015 05:12
Grantham and Stamford,England,Con,81150,53755,224,66.51756007393715,18989,28399,9070,3263,9410,1872,0,0,0,0,0,0,0,1741,08/05/2015 06:45
Gravesham,England,Con,72043,50139,181,69.84717460405591,8370,23484,15114,1111,9306,1124,0,0,0,0,0,0,0,0,08/05/2015 13:47
Great Grimsby,England,Lab,59200,33731,104,57.153716216216225,4540,8874,13414,1680,8417,783,0,0,0,0,0,0,0,563,08/05/2015 04:45
Great Yarmouth,England,Con,69793,44469,160,63.94480821858926,6154,19089,12935,1030,10270,978,0,0,0,0,0,0,0,167,08/05/2015 06:34
Greenwich and Woolwich,England,Lab,73315,46716,171,63.95280638341404,11946,12438,24384,2645,3888,2991,0,0,0,0,0,0,0,370,08/05/2015 05:40
Guildford,England,Con,75733,53986,188,71.53288526798093,22448,30802,6534,8354,4774,2558,0,0,0,0,0,0,0,964,08/05/2015 05:39
Hackney North and Stoke Newington,England,Lab,88153,49887,202,56.82052794573072,24008,7349,31357,2492,1085,7281,0,0,0,0,0,0,0,323,08/05/2015 04:40
Hackney South and Shoreditch,England,Lab,84971,47580,191,56.220357533746814,24213,6420,30633,2186,1818,5519,0,0,0,0,0,0,0,1004,08/05/2015 04:43
Halesowen and Rowley Regis,England,Con,66048,43818,119,66.52283187984496,3082,18933,15851,905,7280,849,0,0,0,0,0,0,0,0,08/05/2015 04:44
Halifax,England,Lab,70462,43753,241,62.43649059067299,428,17078,17506,1629,5621,1142,0,0,0,0,0,0,0,777,08/05/2015 08:48
Haltemprice and Howden,England,Con,71195,48757,180,68.73656857925417,16195,26414,10219,3055,6781,1809,0,0,0,0,0,0,0,479,08/05/2015 04:54
Halton,England,Lab,72818,45023,168,62.060204894394246,20285,8007,28292,1097,6333,1017,0,0,0,0,0,0,0,277,08/05/2015 02:32
Hammersmith,England,Lab,72254,47960,170,66.61222908074294,6518,17463,23981,2224,2105,2105,0,0,0,0,0,0,0,82,08/05/2015 03:11
Hampstead and Kilburn,England,Lab,80195,53964,184,67.52041897873933,1138,22839,23977,3039,1532,2387,0,0,0,0,0,0,0,190,08/05/2015 04:57
Harborough,England,Con,77760,52471,210,67.74819958847736,19632,27675,8043,7037,7539,2177,0,0,0,0,0,0,0,0,08/05/2015 09:45
Harlow,England,Con,67994,44251,125,65.26458216901491,8350,21623,13273,904,7208,954,0,0,0,0,0,0,0,289,08/05/2015 03:29
Harrogate and Knaresborough,England,Con,76408,53376,138,70.0371688828395,16371,28153,5409,11782,5681,2351,0,0,0,0,0,0,0,0,08/05/2015 03:27
Harrow East,England,Con,70981,49000,143,69.23402037164875,4757,24668,19911,1037,2333,846,0,0,0,0,0,0,0,205,08/05/2015 05:41
Harrow West,England,Lab,69644,46603,136,67.11130894262249,2208,19677,21885,1567,2047,1310,0,0,0,0,0,0,0,117,08/05/2015 04:41
Hartlepool,England,Lab,69947,39490,112,56.61715298726179,3024,8256,14076,761,11052,1341,0,0,0,0,0,0,0,4004,08/05/2015 03:28
Harwich and North Essex,England,Con,69290,48432,166,70.13710492134507,15174,24722,9548,3576,8464,2122,0,0,0,0,0,0,0,0,08/05/2015 06:05
Hastings and Rye,England,Con,75095,50927,124,67.98188960649844,4796,22686,17890,1614,6786,1951,0,0,0,0,0,0,0,0,08/05/2015 04:41
Havant,England,Con,70573,44828,148,63.729755005455345,13920,23159,7149,2929,9239,2352,0,0,0,0,0,0,0,0,08/05/2015 02:55
Hayes and Harlington,England,Lab,74874,45056,142,60.365413895344176,15700,11143,26843,888,5388,794,0,0,0,0,0,0,0,0,08/05/2015 04:45
Hazel Grove,England,Con,63098,43219,127,68.6963136707978,6552,17882,7584,11330,5283,1140,0,0,0,0,0,0,0,0,08/05/2015 05:22
Hemel Hempstead,England,Con,74616,49633,194,66.7779028626568,14420,26245,11825,2402,7249,1660,0,0,0,0,0,0,0,252,08/05/2015 07:47
Hemsworth,England,Lab,72714,42406,167,58.548560112220486,12078,9694,21772,1357,8565,0,0,0,0,0,0,0,0,1018,08/05/2015 06:20
Hendon,England,Con,75285,49630,135,66.1021451816431,3724,24328,20604,1088,2595,1015,0,0,0,0,0,0,0,0,08/05/2015 12:25
Henley,England,Con,77946,55236,162,71.0722808097914,25375,32292,6917,6205,6007,3815,0,0,0,0,0,0,0,0,08/05/2015 06:18
Hereford and South Herefordshire,England,Con,71485,47257,202,66.39015178009373,16890,24844,6042,5002,7954,3415,0,0,0,0,0,0,0,0,08/05/2015 05:43
Hertford and Stortford,England,Con,80610,56277,266,70.14390274159533,21509,31593,10084,4385,7534,2681,0,0,0,0,0,0,0,0,08/05/2015 05:40
Hertsmere,England,Con,73767,50091,200,68.17547141675817,18461,29696,11235,2777,6383,0,0,0,0,0,0,0,0,0,08/05/2015 04:50
Hexham,England,Con,59708,43345,82,72.73229717960741,12031,22834,10803,2961,4302,2445,0,0,0,0,0,0,0,0,08/05/2015 13:43
Heywood and Middleton,England,Lab,79989,48538,135,60.84961682231307,5299,9268,20926,1607,15627,1110,0,0,0,0,0,0,0,0,08/05/2015 03:53
High Peak,England,Con,73336,50789,153,69.46383767862987,4894,22836,17942,2389,5811,1811,0,0,0,0,0,0,0,0,08/05/2015 05:17
Hitchin and Harpenden,England,Con,80333,55375,173,69.14717488454309,20055,31488,11433,4484,4917,3053,0,0,0,0,0,0,0,0,08/05/2015 05:13
Holborn and St Pancras,England,Lab,86764,54917,219,63.54709326448757,17048,12014,29062,3555,2740,7013,0,0,0,0,0,0,0,533,08/05/2015 05:07
Hornchurch and Upminster,England,Con,79331,55236,89,69.73944611816314,13074,27051,11103,1501,13977,1411,0,0,0,0,0,0,0,193,08/05/2015 05:18
Hornsey and Wood Green,England,Lab,79247,57785,177,73.14093908917688,11058,5347,29417,18359,1271,3146,0,0,0,0,0,0,0,245,08/05/2015 04:09
Horsham,England,Con,79085,56925,234,72.2753998861984,24658,32627,6499,6647,7969,2198,0,0,0,0,0,0,0,985,08/05/2015 07:08
Houghton and Sunderland South,England,Lab,68324,38489,175,56.58919267021837,12938,7105,21218,791,8280,1095,0,0,0,0,0,0,0,0,07/05/2015 22:48
Hove,England,Lab,73505,52214,234,71.35296918576968,1236,20846,22082,1861,3265,3569,0,0,0,0,0,0,0,591,08/05/2015 07:20
Huddersfield,England,Lab,65269,40478,173,62.28224731495809,7345,10841,18186,2365,5948,2798,0,0,0,0,0,0,0,340,08/05/2015 05:21
Huntingdon,England,Con,82593,55927,177,67.92827479326336,19403,29652,10249,4375,9473,2178,0,0,0,0,0,0,0,0,08/05/2015 04:34
Hyndburn,England,Lab,68341,42887,179,63.01634450768938,4400,13676,18076,859,9154,1122,0,0,0,0,0,0,0,0,08/05/2015 03:49
Ilford North,England,Lab,75294,48932,105,65.12736738651154,589,20874,21463,1130,4355,1023,0,0,0,0,0,0,0,87,08/05/2015 03:53
Ilford South,England,Lab,91987,51912,164,56.612347396914785,19777,13455,33232,1014,2705,1506,0,0,0,0,0,0,0,0,08/05/2015 03:29
Inverclyde,Scotland,SNP,59350,44607,52,75.24684077506319,11063,4446,13522,1106,715,0,24585,0,0,0,0,0,0,233,08/05/2015 03:03
Inverness Nairn Badenoch and Strathspey,Scotland,SNP,77628,57613,54,74.28633998041944,10809,3410,4311,18029,1236,1367,28838,0,0,0,0,0,0,422,08/05/2015 05:54
Ipswich,England,Con,74499,48694,139,65.54853085276312,3733,21794,18061,1400,5703,1736,0,0,0,0,0,0,0,0,08/05/2015 04:59
Isle Of Wight,England,Con,108804,70300,107,64.70993713466416,13703,28591,8984,5235,14888,9404,0,0,0,0,0,0,0,3198,08/05/2015 03:12
Islington North,England,Lab,73326,49234,198,67.4140141286856,21194,8465,29659,3984,1971,5043,0,0,0,0,0,0,0,112,08/05/2015 02:17
Islington South and Finsbury,England,Lab,68127,44270,151,65.20322339160685,12708,9839,22547,4829,3375,3371,0,0,0,0,0,0,0,309,08/05/2015 02:37
Islwyn,Wales,Lab,55697,35401,46,63.64256602689552,10404,5366,17336,950,6932,659,0,3794,0,0,0,0,0,364,08/05/2015 02:30
Jarrow,England,Lab,64002,38564,107,60.421549326583545,13881,6584,21464,1238,7583,1310,0,0,0,0,0,0,0,385,08/05/2015 02:43
Keighley,England,Con,68865,49123,198,71.61983591084005,3053,21766,18713,1321,5662,1661,0,0,0,0,0,0,0,0,08/05/2015 08:15
Kenilworth and Southam,England,Con,63957,48791,129,76.4888909736229,21002,28474,7472,4913,5467,1956,0,0,0,0,0,0,0,509,08/05/2015 13:34
Kensington,England,Con,61133,34828,139,57.19823990316196,7361,18199,10838,1962,1557,1765,0,0,0,0,0,0,0,507,08/05/2015 03:37
Kettering,England,Con,70155,47218,140,67.50481077613854,12590,24467,11877,1490,7600,1633,0,0,0,0,0,0,0,151,08/05/2015 03:15
Kilmarnock and Loudoun,Scotland,SNP,75250,53903,92,71.75415282392026,13638,6752,16362,789,0,0,30000,0,0,0,0,0,0,0,08/05/2015 02:11
Kingston and Surbiton,England,Con,81238,59253,137,73.10618183608656,2834,23249,8574,20415,4321,2322,0,0,0,0,0,0,0,372,08/05/2015 03:44
Kingston upon Hull East,England,Lab,65710,35144,102,53.63871556840664,10319,5593,18180,2294,7861,806,0,0,0,0,0,0,0,410,08/05/2015 04:37
Kingston upon Hull North,England,Lab,64148,35336,136,55.29712539751824,12899,5306,18661,3175,5762,2066,0,0,0,0,0,0,0,366,08/05/2015 04:49
Kingston upon Hull West and Hessle,England,Lab,59100,31803,83,53.95262267343486,9333,5561,15646,3169,6313,943,0,0,0,0,0,0,0,171,08/05/2015 04:40
Kingswood,England,Con,68193,48125,146,70.78585778598978,9006,23252,14246,1827,7133,1370,0,0,0,0,0,0,0,297,08/05/2015 06:12
Kirkcaldy and Cowdenbeath,Scotland,SNP,75941,52892,64,69.7330822612291,9974,5223,17654,1150,1237,0,27628,0,0,0,0,0,0,0,08/05/2015 02:51
Knowsley,England,Lab,79108,50728,192,64.36769985336502,34655,3367,39628,1490,4973,1270,0,0,0,0,0,0,0,0,08/05/2015 03:30
Lagan Valley,Northern Ireland,DUP,71152,39795,191,56.1979986507758,13000,654,0,0,2200,0,0,0,19055,1144,2500,6055,5544,2643,08/05/2015 01:21
Lanark and Hamilton East,Scotland,SNP,79962,55258,70,69.19286661164053,10100,8772,16876,1203,1431,0,26976,0,0,0,0,0,0,0,08/05/2015 03:14
Lancaster and Fleetwood,England,Lab,61922,41738,172,67.68192241852653,1265,16378,17643,1390,4060,2093,0,0,0,0,0,0,0,174,08/05/2015 08:09
Leeds Central,England,Lab,81799,45048,213,55.33197227349967,16967,7791,24758,1529,7082,3558,0,0,0,0,0,0,0,330,08/05/2015 06:24
Leeds East,England,Lab,64754,38196,186,59.27355839021528,12533,7997,20530,1296,7256,1117,0,0,0,0,0,0,0,0,08/05/2015 06:10
Leeds North East,England,Lab,69097,48291,239,70.234597739409807,7250,15887,23137,2569,3706,2541,0,0,0,0,0,0,0,451,08/05/2015 08:01
Leeds North West,England,LD,61974,43357,159,70.21654242101526,2907,8083,13041,15948,2997,3042,0,0,0,0,0,0,0,246,08/05/2015 07:15
Leeds West,England,Lab,64950,38423,153,59.39337952270978,10727,7729,18456,1495,7104,3217,0,0,0,0,0,0,0,422,08/05/2015 06:32
Leicester East,England,Lab,75430,48068,533,64.43192363780989,18352,11034,29386,1233,4290,1468,0,0,0,0,0,0,0,657,08/05/2015 07:28
Leicester South,England,Lab,73518,45942,398,63.03218259473871,17845,9628,27473,2127,3832,2533,0,0,0,0,0,0,0,349,08/05/2015 06:02
Leicester West,England,Lab,63204,34522,236,54.993354850958795,7203,8848,16051,1507,5950,1878,0,0,0,0,0,0,0,288,08/05/2015 06:26
Leigh,England,Lab,75905,45123,189,59.69567222185626,14096,10216,24312,1150,8903,0,0,0,0,0,0,0,0,542,08/05/2015 03:05
Lewes,England,Con,69481,50540,191,73.01420532231833,1083,19206,5000,18123,5427,2784,0,0,0,0,0,0,0,0,08/05/2015 06:25
Lewisham Deptford,England,Lab,73428,47426,222,64.8907773601351,21516,7056,28572,2497,2013,5932,0,0,0,0,0,0,0,1356,08/05/2015 05:51
Lewisham East,England,Lab,66913,42923,133,64.34624064083214,14333,9574,23907,2455,3886,2429,0,0,0,0,0,0,0,672,08/05/2015 05:45
Lewisham West and Penge,England,Lab,72290,48125,159,66.7920874256467,12714,11633,24347,3709,3764,4077,0,0,0,0,0,0,0,595,08/05/2015 05:28
Leyton and Wanstead,England,Lab,64580,40703,171,63.29204087952927,14917,8939,23856,2304,2341,2974,0,0,0,0,0,0,0,289,08/05/2015 06:28
Lichfield,England,Con,74234,51467,147,69.52878734811542,18189,28389,10200,2700,8082,1976,0,0,0,0,0,0,0,120,08/05/2015 05:18
Lincoln,England,Con,74121,46852,224,63.51236491682519,1443,19976,18533,1992,5721,0,0,0,0,0,0,0,0,630,08/05/2015 04:48
Linlithgow and East Falkirk,Scotland,SNP,86955,61597,90,70.94129147260078,12934,7384,19121,1252,1682,0,32055,0,0,0,0,0,0,103,08/05/2015 03:27
Liverpool Riverside,England,Lab,70829,44263,249,62.844315181634634,24463,4245,29835,1719,2510,5372,0,0,0,0,0,0,0,582,08/05/2015 04:46
Liverpool Walton,England,Lab,61908,38403,146,62.268204432383534,27777,1802,31222,899,3445,956,0,0,0,0,0,0,0,79,08/05/2015 05:25
Liverpool Wavertree,England,Lab,61549,40974,162,66.83455458252774,24303,4098,28401,2454,3375,2140,0,0,0,0,0,0,0,506,08/05/2015 04:42
Liverpool West Derby,England,Lab,63651,41031,132,64.66984022246311,27367,2710,30842,959,3475,996,0,0,0,0,0,0,0,2049,08/05/2015 04:40
Livingston,Scotland,SNP,82373,57547,84,69.96345890036784,16843,5929,15893,1232,1757,0,32736,0,0,0,0,0,0,0,08/05/2015 03:46
Llanelli,Wales,Lab,59314,38574,40,65.10098796236976,7095,5534,15948,751,6269,689,0,8853,0,0,0,0,0,530,08/05/2015 02:13
Loughborough,England,Con,75217,52020,210,69.43908956751798,9183,25762,16579,2130,5704,1845,0,0,0,0,0,0,0,0,08/05/2015 06:09
Louth and Horncastle,England,Con,74870,50336,236,67.54641378389208,14977,25755,9077,2255,10778,1549,0,0,0,0,0,0,0,922,08/05/2015 07:35
Ludlow,England,Con,66374,48063,120,72.59318407810287,18929,26093,5902,6469,7164,2435,0,0,0,0,0,0,0,0,08/05/2015 03:37
Luton North,England,Lab,67329,42571,291,63.66053260853421,9504,12739,22243,1299,5318,972,0,0,0,0,0,0,0,0,08/05/2015 11:31
Luton South,England,Lab,67741,42216,431,62.95596462998775,5711,12949,18660,3183,5129,1237,0,0,0,0,0,0,0,1058,08/05/2015 12:14
Macclesfield,England,Con,71712,49598,248,69.50858991521642,14811,26063,11252,3842,6037,2404,0,0,0,0,0,0,0,0,08/05/2015 08:38
Maidenhead,England,Con,74187,53855,183,72.84025503120492,29059,35453,6394,5337,4539,1915,0,0,0,0,0,0,0,217,08/05/2015 06:04
Maidstone and The Weald,England,Con,73181,50010,111,68.48908869788606,10709,22745,5268,12036,7930,1396,0,0,0,0,0,0,0,635,08/05/2015 06:04
Makerfield,England,Lab,74320,44788,131,60.43998923573736,13155,8752,23208,1639,10053,1136,0,0,0,0,0,0,0,0,08/05/2015 03:40
Maldon,England,Con,69066,48045,175,69.81727622853502,22070,29112,5690,2157,7042,1504,0,0,0,0,0,0,0,2540,08/05/2015 08:45
Manchester Central,England,Lab,86078,45331,229,52.9287390506285,21639,6133,27772,1867,5033,3838,0,0,0,0,0,0,0,688,08/05/2015 05:52
Manchester Gorton,England,Lab,72992,42019,275,57.943336256028054,24079,4063,28187,1782,3434,4108,0,0,0,0,0,0,0,445,08/05/2015 05:00
Manchester Withington,England,Lab,74102,49966,252,67.76875118080483,14873,4872,26843,11970,2172,4048,0,0,0,0,0,0,0,61,08/05/2015 05:28
Mansfield,England,Lab,77534,47193,136,61.042897309567415,5315,13288,18603,1642,11850,1486,0,0,0,0,0,0,0,324,08/05/2015 06:31
Meon Valley,England,Con,72738,51717,103,71.24199180620859,23913,31578,5656,4987,7665,1831,0,0,0,0,0,0,0,0,08/05/2015 08:44
Meriden,England,Con,81928,52603,161,64.40289034273997,18795,28791,9996,2638,8908,2170,0,0,0,0,0,0,0,100,08/05/2015 06:37
Merthyr Tydfil and Rhymney,Wales,Lab,61716,32715,95,53.16287510532115,11513,3292,17619,1351,6106,603,0,3099,0,0,0,0,0,645,08/05/2015 03:11
Mid Bedfordshire,England,Con,78501,58060,228,74.2512834231411,23327,32544,9217,4193,8966,2462,0,0,0,0,0,0,0,678,08/05/2015 07:42
Mid Derbyshire,England,Con,67477,47729,116,70.90564192243282,12774,24908,12134,2292,6497,1898,0,0,0,0,0,0,0,0,08/05/2015 04:35
Middlesbrough,England,Lab,61873,32706,174,53.141111631891135,12477,5388,18584,1220,6107,1407,0,0,0,0,0,0,0,0,08/05/2015 07:32
Middlesbrough South and East Cleveland,England,Lab,71154,45677,158,64.41661747758384,2268,16925,19193,1564,6935,1060,0,0,0,0,0,0,0,0,08/05/2015 06:47
Mid Dorset and North Poole,England,Con,64299,46499,137,72.52989937635111,10530,23639,2767,13109,5663,1321,0,0,0,0,0,0,0,0,08/05/2015 07:26
Midlothian,Scotland,SNP,67875,48331,34,71.25598526703499,9859,5760,14594,1132,1173,1219,24453,0,0,0,0,0,0,0,08/05/2015 02:50
Mid Norfolk,England,Con,77154,52212,239,67.98221738341499,17276,27206,9585,3300,9930,2191,0,0,0,0,0,0,0,0,08/05/2015 05:27
Mid Sussex,England,Con,81034,57492,252,71.25897771305871,24286,32268,7982,6604,6898,2453,0,0,0,0,0,0,0,1287,08/05/2015 07:12
Mid Ulster,Northern Ireland,SF,67832,40922,395,60.910779573062854,13617,120,0,0,863,0,0,0,5465,19935,5055,6318,778,2388,08/05/2015 06:09
Mid Worcestershire,England,Con,73069,52225,199,71.74588402742613,20532,29763,7548,3750,9231,1933,0,0,0,0,0,0,0,0,08/05/2015 05:47
Milton Keynes North,England,Con,86826,57692,213,66.69085297030844,9753,27244,17491,3575,6852,2255,0,0,0,0,0,0,0,275,08/05/2015 06:59
Milton Keynes South,England,Con,89656,58949,215,65.99000624609619,8672,27601,18929,2309,7803,1936,0,0,0,0,0,0,0,371,08/05/2015 06:31
Mitcham and Morden,England,Lab,68474,45142,147,66.14043286502907,16922,10458,27380,1378,4287,1422,0,0,0,0,0,0,0,217,08/05/2015 02:41
Mole Valley,England,Con,74038,55140,192,74.73459574812934,25453,33434,4565,7981,6181,2979,0,0,0,0,0,0,0,0,08/05/2015 04:40
Monmouth,Wales,Con,62248,47462,104,76.41370003855545,10982,23701,12719,2496,4942,1629,0,1875,0,0,0,0,0,100,08/05/2015 06:09
Montgomeryshire,Wales,Con,48690,33757,54,69.44136372971863,5325,15204,1900,9879,3769,1260,0,1745,0,0,0,0,0,0,08/05/2015 02:46
Moray,Scotland,SNP,71685,49280,41,68.80239938620353,9065,15319,4898,1395,1939,1345,24384,0,0,0,0,0,0,0,08/05/2015 03:12
Morecambe and Lunesdale,England,Con,66985,43242,143,64.76823169366276,4590,19691,15101,1612,5358,1395,0,0,0,0,0,0,0,85,08/05/2015 08:28
Morley and Outwood,England,Con,75820,48250,139,63.82089158533368,422,18776,18354,1426,7951,1264,0,0,0,0,0,0,0,479,08/05/2015 08:18
Motherwell and Wishaw,Scotland,SNP,70283,48237,42,68.69228689725823,11898,3695,15377,601,1289,0,27275,0,0,0,0,0,0,0,08/05/2015 02:40
Na h-Eileanan An Iar,Scotland,SNP,21769,15938,44,73.41632596811979,4102,1215,4560,456,0,0,8662,0,0,0,0,0,0,1045,08/05/2015 02:15
Neath,Wales,Lab,56097,37135,114,66.40105531490097,9548,5691,16270,1173,6094,1185,0,6722,0,0,0,0,0,0,08/05/2015 06:10
Newark,England,Con,73747,52302,165,71.14458893243115,18474,29834,11360,2385,6294,1792,0,0,0,0,0,0,0,637,08/05/2015 06:12
Newbury,England,Con,79512,57300,205,72.32241674212698,26368,34973,4837,8605,6195,2324,0,0,0,0,0,0,0,366,08/05/2015 12:52
Newcastle-Under-Lyme,England,Lab,67619,42997,125,63.77201674085686,650,15870,16520,1826,7252,1246,0,0,0,0,0,0,0,283,08/05/2015 05:48
Newcastle Upon Tyne Central,England,Lab,58147,35085,97,60.50527112318779,12673,6628,19301,2218,5214,1724,0,0,0,0,0,0,0,0,08/05/2015 01:15
Newcastle Upon Tyne East,England,Lab,64243,39222,127,61.25025294584624,12494,6884,19378,4332,4910,3426,0,0,0,0,0,0,0,292,08/05/2015 01:04
Newcastle Upon Tyne North,England,Lab,67902,44891,155,66.33972489764662,10153,10536,20689,4366,7447,1515,0,0,0,0,0,0,0,338,08/05/2015 01:40
New Forest East,England,Con,72697,49447,184,68.27104282157448,19162,27819,6018,4626,8657,2327,0,0,0,0,0,0,0,0,08/05/2015 04:43
New Forest West,England,Con,68446,47410,190,69.54387400286357,20604,28420,5133,3293,7816,2748,0,0,0,0,0,0,0,0,08/05/2015 04:51
Newport East,Wales,Lab,56015,35108,70,62.80103543693654,4705,9585,14290,2251,6466,887,0,1231,0,0,0,0,0,398,08/05/2015 03:17
Newport West,Wales,Lab,62137,40347,76,65.05463733363375,3510,13123,16633,1581,6134,1272,0,1604,0,0,0,0,0,0,08/05/2015 03:02
Newry and Armagh,Northern Ireland,SF,77633,49877,386,64.7443741707779,4176,210,0,0,0,0,0,0,0,20488,12026,16312,841,0,08/05/2015 05:32
Newton Abbot,England,Con,69928,48253,200,69.28984097929299,11234,22794,4736,11560,6726,2216,0,0,0,0,0,0,0,221,08/05/2015 05:50
Normanton Pontefract and Castleford,England,Lab,82592,45897,183,55.79232855482371,15428,9569,25213,1330,9785,0,0,0,0,0,0,0,0,0,08/05/2015 05:16
Northampton North,England,Con,59144,39411,112,66.82503719734885,3245,16699,13454,1401,6354,1503,0,0,0,0,0,0,0,0,08/05/2015 05:03
Northampton South,England,Con,61287,38884,161,63.708453668804154,3793,16163,12370,1673,7114,1403,0,0,0,0,0,0,0,161,08/05/2015 05:07
North Antrim,Northern Ireland,DUP,75876,41907,209,55.50635246981918,11546,368,0,0,1341,0,0,0,18107,5143,2925,5054,2351,6618,08/05/2015 01:51
North Ayrshire and Arran,Scotland,SNP,75791,53869,86,71.18919132878574,13573,7968,15068,896,1296,0,28641,0,0,0,0,0,0,0,08/05/2015 03:20
North Cornwall,England,Con,67192,48245,45,71.86867484224312,6621,21689,2621,15068,6121,2063,0,0,0,0,0,0,0,683,08/05/2015 05:52
North Devon,England,Con,74737,52320,133,70.18344327441561,6936,22341,3699,15405,7719,3018,0,0,0,0,0,0,0,138,08/05/2015 06:51
North Dorset,England,Con,73759,53385,160,72.59453083691481,21118,30227,4785,6226,9109,3038,0,0,0,0,0,0,0,0,08/05/2015 07:39
North Down,Northern Ireland,Ind,64207,35947,97,56.13718130421916,9202,1593,0,0,1482,1958,0,0,8487,273,355,0,3086,18713,08/05/2015 02:06
North Durham,England,Lab,65359,40146,60,61.51562906409217,13644,8403,22047,2046,6404,1246,0,0,0,0,0,0,0,0,08/05/2015 03:08
North East Bedfordshire,England,Con,83551,58672,195,70.45636796687053,25644,34891,9247,3418,8579,2537,0,0,0,0,0,0,0,0,08/05/2015 09:37
North East Cambridgeshire,England,Con,82990,51780,226,62.66538137124955,16874,28524,7476,2314,11650,1816,0,0,0,0,0,0,0,0,08/05/2015 07:52
North East Derbyshire,England,Lab,71445,47948,147,67.31751697109665,1883,17605,19488,2004,7631,1059,0,0,0,0,0,0,0,161,08/05/2015 06:46
North East Fife,Scotland,SNP,62003,45263,47,73.07710917213683,4344,7373,3476,14179,0,1387,18523,0,0,0,0,0,0,325,08/05/2015 04:39
North East Hampshire,England,Con,76918,54000,198,70.46205049533269,29916,35573,5290,5657,4732,2364,0,0,0,0,0,0,0,384,08/05/2015 04:39
North East Hertfordshire,England,Con,74000,52287,196,70.92297297297297,19080,28949,9869,3952,6728,2789,0,0,0,0,0,0,0,0,08/05/2015 03:24
North East Somerset,England,Con,69380,51110,153,73.88728740270972,12749,25439,12690,4029,6150,2802,0,0,0,0,0,0,0,0,08/05/2015 05:30
North Herefordshire,England,Con,67926,48023,190,70.9787121279039,19996,26716,5478,5768,6720,3341,0,0,0,0,0,0,0,0,08/05/2015 05:04
North Norfolk,England,LD,68867,49414,136,71.95028097637474,4043,15256,5043,19299,8328,1488,0,0,0,0,0,0,0,0,08/05/2015 07:03
North Shropshire,England,Con,78858,52573,116,66.81503461918892,16494,27041,10547,3148,9262,2575,0,0,0,0,0,0,0,0,08/05/2015 03:45
North Somerset,England,Con,80161,58942,220,73.80396951135839,23099,31540,8441,7486,7669,3806,0,0,0,0,0,0,0,0,08/05/2015 07:34
North Swindon,England,Con,80983,52242,148,64.69258980279811,11786,26295,14509,1704,8011,1723,0,0,0,0,0,0,0,0,08/05/2015 00:46
North Thanet,England,Con,71478,47053,161,66.05389070763033,10948,23045,8411,1645,12097,1719,0,0,0,0,0,0,0,136,08/05/2015 10:04
North Tyneside,England,Lab,79300,46818,137,59.21185372005044,17194,8997,26191,2075,7618,1442,0,0,0,0,0,0,0,495,08/05/2015 04:59
North Warwickshire,England,Con,70152,47377,137,67.7300718439959,2973,20042,17069,978,8256,894,0,0,0,0,0,0,0,138,08/05/2015 03:06
North West Cambridgeshire,England,Con,90318,61100,180,67.84915520715693,19795,32070,10927,3479,12275,2159,0,0,0,0,0,0,0,190,08/05/2015 05:19
North West Durham,England,Lab,69816,42818,94,61.46442076314885,10056,10018,20074,3894,7265,1567,0,0,0,0,0,0,0,0,08/05/2015 03:09
North West Hampshire,England,Con,79223,55195,200,69.92287593249435,23943,32052,7342,5151,8109,2541,0,0,0,0,0,0,0,0,08/05/2015 05:02
North West Leicestershire,England,Con,72193,51548,170,71.63852451068664,11373,25505,14132,2033,8704,1174,0,0,0,0,0,0,0,0,08/05/2015 04:55
North West Norfolk,England,Con,74402,47371,226,63.97274266820785,13948,24727,10779,1673,8412,1780,0,0,0,0,0,0,0,0,08/05/2015 08:00
North Wiltshire,England,Con,67851,50556,111,74.67391784940531,21046,28938,4930,7892,5813,2350,0,0,0,0,0,0,0,633,08/05/2015 05:00
Norwich North,England,Con,64515,43592,173,67.83693714640006,4463,19052,14589,1894,5986,1939,0,0,0,0,0,0,0,132,08/05/2015 07:55
Norwich South,England,Lab,74875,48463,177,64.96160267111854,7654,11379,19033,6607,4539,6749,0,0,0,0,0,0,0,156,08/05/2015 05:17
Nottingham East,England,Lab,60464,35209,253,58.649775072770574,11894,7314,19208,1475,3501,3473,0,0,0,0,0,0,0,238,08/05/2015 06:42
Nottingham North,England,Lab,65918,35343,22,53.64998938074578,11860,7423,19283,847,6542,1088,0,0,0,0,0,0,0,160,08/05/2015 06:35
Nottingham South,England,Lab,68987,43465,234,63.34381840056822,6936,13761,20697,1532,4900,2345,0,0,0,0,0,0,0,230,08/05/2015 06:23
Nuneaton,England,Con,68037,45749,75,67.35158810647148,4882,20827,15945,816,6582,1281,0,0,0,0,0,0,0,298,08/05/2015 01:51
Ochil and South Perthshire,Scotland,SNP,77370,57871,75,74.8946620137004,10168,11987,16452,1481,1331,0,26620,0,0,0,0,0,0,0,08/05/2015 02:30
Ogmore,Wales,Lab,55572,35250,72,63.56078600734183,13043,5620,18663,1072,5420,754,0,3556,0,0,0,0,0,165,08/05/2015 03:54
Old Bexley and Sidcup,England,Con,66035,46748,105,70.95176800181721,15803,24682,8879,1644,8528,1336,0,0,0,0,0,0,0,1679,08/05/2015 04:34
Oldham East and Saddleworth,England,Lab,71475,44483,178,62.48478488982162,6002,11527,17529,5718,8557,1152,0,0,0,0,0,0,0,0,08/05/2015 05:37
Oldham West and Royton,England,Lab,71652,43137,202,60.48540166359627,14738,8187,23630,1589,8892,839,0,0,0,0,0,0,0,0,08/05/2015 04:53
Orkney and Shetland,Scotland,LD,34552,22728,75,65.99617967122019,817,2025,1624,9407,1082,0,8590,0,0,0,0,0,0,0,08/05/2015 03:55
Orpington,England,Con,68129,49032,94,72.1073258083929,19979,28152,7645,3330,8173,1732,0,0,0,0,0,0,0,0,08/05/2015 04:38
Oxford East,England,Lab,78978,50689,165,64.3900833143407,15280,10076,25356,5453,3451,5890,0,0,0,0,0,0,0,463,08/05/2015 02:10
Oxford West and Abingdon,England,Con,76174,57247,153,75.3537952582246,9582,26153,7274,16571,3963,2497,0,0,0,0,0,0,0,789,08/05/2015 06:46
Paisley and Renfrewshire North,Scotland,SNP,66206,50462,60,76.31030420203608,9076,6183,16525,1055,0,703,25601,0,0,0,0,0,0,395,08/05/2015 03:00
Paisley and Renfrewshire South,Scotland,SNP,61281,46226,69,75.54543822718298,5684,3526,17864,1010,0,0,23548,0,0,0,0,0,0,278,08/05/2015 02:22
Pendle,England,Con,64573,44448,198,69.14035277902529,5453,20978,15525,1487,5415,1043,0,0,0,0,0,0,0,0,08/05/2015 04:54
Penistone and Stocksbridge,England,Lab,70817,46854,206,66.45297033198243,6723,12968,19691,2957,10738,0,0,0,0,0,0,0,0,500,08/05/2015 05:59
Penrith and The Border,England,Con,65209,43921,143,67.57349445628671,19894,26202,6308,3745,5353,2313,0,0,0,0,0,0,0,0,08/05/2015 05:49
Perth and North Perthshire,Scotland,SNP,72459,54200,64,74.88924771249948,9641,17738,4413,2059,1110,1146,27379,0,0,0,0,0,0,355,08/05/2015 03:32
Peterborough,England,Con,72530,47075,177,65.14821453191783,1925,18684,16759,1774,7485,1218,0,0,0,0,0,0,0,1155,08/05/2015 02:49
Plymouth Moor View,England,Con,68246,42606,85,62.55458195352108,1026,16020,14994,1265,9152,1023,0,0,0,0,0,0,0,152,08/05/2015 05:32
Plymouth Sutton and Devonport,England,Con,73274,47963,157,65.67131588285066,523,18120,17597,2008,6731,3401,0,0,0,0,0,0,0,106,08/05/2015 07:31
Pontypridd,Wales,Lab,58940,37882,101,64.44350186630471,8985,6569,15554,4904,5085,992,0,4348,0,0,0,0,0,430,08/05/2015 03:35
Poole,England,Con,72557,47393,138,65.50849676805821,15789,23745,6102,5572,7956,2198,0,0,0,0,0,0,0,1820,08/05/2015 06:52
Poplar and Limehouse,England,Lab,82081,51044,202,62.433449884869816,16924,12962,29886,2149,3128,2463,0,0,0,0,0,0,0,456,08/05/2015 05:00
Portsmouth North,England,Con,73105,45390,157,62.30353600984885,10537,21343,10806,2828,8660,1450,0,0,0,0,0,0,0,303,08/05/2015 06:17
Portsmouth South,England,Con,71639,41903,185,58.750122140175044,5241,14585,8184,9344,5595,3145,0,0,0,0,0,0,0,1050,08/05/2015 06:11
Preseli Pembrokeshire,Wales,Con,57291,40556,64,70.90118866837723,4969,16383,11414,780,4257,1452,0,2518,0,0,0,0,0,3752,08/05/2015 04:39
Preston,England,Lab,59981,33469,140,56.03274370217235,12067,6688,18755,1244,5139,1643,0,0,0,0,0,0,0,0,08/05/2015 04:48
Pudsey,England,Con,70533,50927,134,72.39306423943403,4501,23637,19136,1926,4689,1539,0,0,0,0,0,0,0,0,08/05/2015 07:24
Putney,England,Con,63923,42813,115,67.15579681804671,10180,23018,12838,2717,1989,2067,0,0,0,0,0,0,0,184,08/05/2015 00:55
Rayleigh and Wickford,England,Con,77174,53220,136,69.13727421152201,17230,29088,6705,1622,11858,1529,0,0,0,0,0,0,0,2418,08/05/2015 04:44
Reading East,England,Con,73232,50494,191,69.21154686475857,6520,23217,16697,3719,3647,3214,0,0,0,0,0,0,0,0,08/05/2015 07:33
Reading West,England,Con,72567,48404,119,66.86648200972894,6650,23082,16432,2355,4826,1406,0,0,0,0,0,0,0,303,08/05/2015 07:23
Redcar,England,Lab,64826,40919,163,63.37272082189245,10388,6630,17946,7558,7516,880,0,0,0,0,0,0,0,389,08/05/2015 03:38
Redditch,England,Con,65531,44098,124,67.48256550334956,7054,20771,13717,1349,7133,960,0,0,0,0,0,0,0,168,08/05/2015 06:05
Reigate,England,Con,73429,51349,165,70.15484345422108,22334,29151,6578,5369,6817,3434,0,0,0,0,0,0,0,0,08/05/2015 04:36
Rhondda,Wales,Lab,51811,31538,58,60.98318889811044,7455,2116,15976,474,3998,453,0,8521,0,0,0,0,0,0,08/05/2015 02:47
Ribble Valley,England,Con,77379,52243,168,67.7328474133809,13606,25404,11798,2756,8250,2193,0,0,0,0,0,0,0,1842,08/05/2015 05:27
Richmond Park,England,Con,77303,59101,146,76.64256238438352,23015,34404,7296,11389,2464,3548,0,0,0,0,0,0,0,0,08/05/2015 04:07
Richmond Yorks,England,Con,79062,53999,164,68.50699451063721,19550,27744,7124,3465,8194,2313,0,0,0,0,0,0,0,5159,08/05/2015 07:39
Rochdale,England,Lab,77248,45430,240,59.121271748135875,12442,7742,20961,4667,8519,1382,0,0,0,0,0,0,0,2159,08/05/2015 04:05
Rochester and Strood,England,Con,77119,52516,164,68.31001439334015,7133,23142,10396,1251,16009,1516,0,0,0,0,0,0,0,202,08/05/2015 08:11
Rochford and Southend East,England,Con,71935,43608,164,60.84937791061375,9476,20241,10765,1459,8948,2195,0,0,0,0,0,0,0,0,08/05/2015 03:23
Romford,England,Con,72594,49178,159,67.96291704548585,13859,25067,10268,1413,11208,1222,0,0,0,0,0,0,0,0,08/05/2015 05:20
Romsey and Southampton North,England,Con,66519,48398,141,72.97012883537035,17712,26285,5749,8573,5511,2280,0,0,0,0,0,0,0,0,08/05/2015 05:57
Rossendale and Darwen,England,Con,73779,49024,140,66.63684788354409,5654,22847,17193,806,6862,1046,0,0,0,0,0,0,0,270,08/05/2015 04:37
Ross Skye and Lochaber,Scotland,SNP,54169,41811,39,77.25821041555133,5124,2598,2043,14995,814,1051,20119,0,0,0,0,0,0,191,08/05/2015 05:19
Rotherham,England,Lab,63698,37823,153,59.618826336776664,8446,4656,19860,1093,11414,0,0,0,0,0,0,0,0,800,08/05/2015 03:38
Rother Valley,England,Lab,74275,47019,195,63.566475934028944,7297,10945,20501,1992,13204,0,0,0,0,0,0,0,0,377,08/05/2015 05:03
Rugby,England,Con,71655,49006,93,68.52138720256787,10345,24040,13695,2776,6855,1415,0,0,0,0,0,0,0,225,08/05/2015 06:14
Ruislip Northwood and Pinner,England,Con,73216,51222,159,70.17728365384616,20224,30521,10297,2537,5598,1801,0,0,0,0,0,0,0,468,08/05/2015 06:10
Runnymede and Weybridge,England,Con,73771,50052,182,68.09450868227353,22134,29901,7767,3362,6951,2071,0,0,0,0,0,0,0,0,08/05/2015 04:43
Rushcliffe,England,Con,73278,55164,289,75.67482736974263,13829,28354,14525,2783,5943,3559,0,0,0,0,0,0,0,0,08/05/2015 06:52
Rutherglen and Hamilton West,Scotland,SNP,82830,57615,54,69.62332488228903,9975,4350,20304,1045,1301,0,30279,0,0,0,0,0,0,336,08/05/2015 02:50
Rutland and Melton,England,Con,79693,54603,214,68.78521325586941,21705,30383,8383,4407,8678,2325,0,0,0,0,0,0,0,427,08/05/2015 06:15
Saffron Walden,England,Con,80615,57563,219,71.6764870061403,24991,32926,6791,6079,7935,2174,0,0,0,0,0,0,0,1658,08/05/2015 06:02
Salford and Eccles,England,Lab,74291,43261,201,58.50237579249169,12541,8823,21364,1614,7806,2251,0,0,0,0,0,0,0,1403,08/05/2015 05:33
Salisbury,England,Con,69582,50705,68,72.96858382915121,20421,28192,7771,5099,6152,2762,0,0,0,0,0,0,0,729,08/05/2015 03:47
Scarborough and Whitby,England,Con,73511,47739,186,65.19432465889459,6200,20613,14413,2159,8162,2185,0,0,0,0,0,0,0,207,08/05/2015 05:23
Scunthorpe,England,Lab,64025,36941,133,57.90550566185084,3134,12259,15393,770,6329,887,0,0,0,0,0,0,0,1303,08/05/2015 04:50
Sedgefield,England,Lab,62844,38716,96,61.75927693972376,6843,11432,18275,1370,6426,1213,0,0,0,0,0,0,0,0,08/05/2015 03:47
Sefton Central,England,Lab,67744,49021,200,72.65735710911667,11846,14513,26359,2086,4879,1184,0,0,0,0,0,0,0,0,08/05/2015 05:54
Selby and Ainsty,England,Con,76082,52804,172,69.63013590599616,13557,27725,14168,1920,7389,1465,0,0,0,0,0,0,0,137,08/05/2015 06:06
Sevenoaks,England,Con,71958,50124,231,69.97832068706745,19561,28531,6448,3937,8970,2238,0,0,0,0,0,0,0,0,08/05/2015 04:58
Sheffield Brightside and Hillsborough,England,Lab,70874,40053,149,56.72319891638683,13807,4407,22663,1802,8856,1712,0,0,0,0,0,0,0,613,08/05/2015 05:29
Sheffield Central,England,Lab,72321,44173,199,61.35424012389209,17309,4917,24308,4278,3296,6999,0,0,0,0,0,0,0,375,08/05/2015 05:04
Sheffield Hallam,England,LD,72351,55481,121,76.85035452170668,2353,7544,19862,22215,3575,1772,0,0,0,0,0,0,0,513,08/05/2015 04:52
Sheffield Heeley,England,Lab,67950,42048,131,62.07358351729213,12954,6792,20269,4746,7315,2566,0,0,0,0,0,0,0,360,08/05/2015 05:16
Sheffield South East,England,Lab,70422,41685,108,59.34651103348385,12311,7242,21439,2226,9128,1117,0,0,0,0,0,0,0,533,08/05/2015 05:21
Sherwood,England,Con,73349,50698,127,69.29201488772853,4647,22833,18186,1094,7399,1108,0,0,0,0,0,0,0,78,08/05/2015 06:01
Shipley,England,Con,70464,50542,120,71.89770663033606,9624,25269,15645,1949,4479,2657,0,0,0,0,0,0,0,543,08/05/2015 07:10
Shrewsbury and Atcham,England,Con,76400,54102,113,70.96204188481676,9565,24628,15063,4268,7813,2247,0,0,0,0,0,0,0,83,08/05/2015 03:47
Sittingbourne and Sheppey,England,Con,76018,49378,167,65.17535320581968,12168,24425,9673,1563,12257,1185,0,0,0,0,0,0,0,275,08/05/2015 07:35
Skipton and Ripon,England,Con,76645,54559,199,71.44366886293952,20761,30248,9487,4057,7651,3116,0,0,0,0,0,0,0,0,08/05/2015 05:49
Sleaford and North Hykeham,England,Con,87972,61944,225,70.66907652434867,24115,34805,10690,3500,9716,0,0,0,0,0,0,0,0,3233,08/05/2015 05:24
Slough,England,Lab,86366,48275,260,56.19688303267489,7336,16085,23421,1275,6274,1220,0,0,0,0,0,0,0,0,08/05/2015 05:17
Solihull,England,Con,77956,54779,140,70.44871465955154,12902,26956,5693,14054,6361,1632,0,0,0,0,0,0,0,83,08/05/2015 05:53
Somerton and Frome,England,Con,83281,60309,168,72.61800410657892,20268,31960,4419,11692,6439,5434,0,0,0,0,0,0,0,365,08/05/2015 05:37
Southampton Itchen,England,Con,72281,44710,115,62.014914016131485,2316,18656,16340,1595,6010,1876,0,0,0,0,0,0,0,233,08/05/2015 04:58
Southampton Test,England,Lab,70270,43652,147,62.32958588302263,3810,14207,18017,2121,5566,2568,0,0,0,0,0,0,0,1173,08/05/2015 05:01
South Antrim,Northern Ireland,UUP,67425,36523,211,54.48127549128662,949,415,0,0,0,0,0,0,10993,4699,2990,11942,3576,1908,08/05/2015 02:05
South Basildon and East Thurrock,England,Con,71155,45593,106,64.22458014194365,7691,19788,11493,1356,12097,0,0,0,0,0,0,0,0,859,08/05/2015 04:06
South Cambridgeshire,England,Con,84132,61540,259,73.4548091094946,20594,31454,10860,9368,6010,3848,0,0,0,0,0,0,0,0,08/05/2015 05:02
South Derbyshire,England,Con,73923,50762,190,68.92577411631021,11471,25066,13595,1887,8998,1216,0,0,0,0,0,0,0,0,08/05/2015 03:53
South Dorset,England,Con,71534,48597,140,68.1312382922806,11994,23756,11762,2901,7304,2275,0,0,0,0,0,0,0,599,08/05/2015 06:48
South Down,Northern Ireland,SDLP,75220,42697,303,57.16564743419303,5891,318,0,0,3044,0,0,0,3486,12186,18077,3964,1622,0,08/05/2015 04:44
South East Cambridgeshire,England,Con,84570,59506,203,70.60305072720823,16837,28845,9013,12008,6593,3047,0,0,0,0,0,0,0,0,08/05/2015 06:33
South East Cornwall,England,Con,71071,50498,78,71.16264017672468,16995,25516,4692,8521,7698,2718,0,0,0,0,0,0,0,1353,08/05/2015 06:42
Southend West,England,Con,66876,44509,145,66.77133799868413,14021,22175,8154,4129,7803,2083,0,0,0,0,0,0,0,165,08/05/2015 03:12
South Holland and The Deepings,England,Con,76460,49207,160,64.56578603191211,18567,29303,6122,1466,10736,1580,0,0,0,0,0,0,0,0,08/05/2015 04:40
South Leicestershire,England,Con,76851,53926,300,70.5599146400177,16824,28700,11876,3987,9363,0,0,0,0,0,0,0,0,0,08/05/2015 07:17
South Norfolk,England,Con,80721,57123,221,71.03975421513609,20493,30995,10502,4689,7847,3090,0,0,0,0,0,0,0,0,08/05/2015 04:34
South Northamptonshire,England,Con,85781,60862,187,71.16844056376121,26416,36607,10191,3613,8204,2247,0,0,0,0,0,0,0,0,08/05/2015 07:07
Southport,England,LD,67326,44101,171,65.75765677450019,1322,12330,8468,13652,7429,1230,0,0,0,0,0,0,0,992,08/05/2015 04:41
South Ribble,England,Con,76489,52370,162,68.67915648001673,5945,24313,18368,2312,7377,0,0,0,0,0,0,0,0,0,08/05/2015 06:02
South Shields,England,Lab,62730,36265,81,57.94037940379404,10614,6021,18589,639,7975,1614,0,0,0,0,0,0,0,1427,08/05/2015 02:34
South Staffordshire,England,Con,72771,49598,153,68.36651963007242,20371,29478,9107,1448,8267,1298,0,0,0,0,0,0,0,0,08/05/2015 06:35
South Suffolk,England,Con,73836,51907,179,70.54282463838778,17545,27546,10001,4044,7897,2253,0,0,0,0,0,0,0,166,08/05/2015 07:18
South Swindon,England,Con,73926,49263,147,66.83710737764792,5785,22777,16992,1817,5920,1757,0,0,0,0,0,0,0,0,08/05/2015 02:41
South Thanet,England,Con,70970,49401,163,69.83795970128224,2812,18838,11740,932,16026,1076,0,0,0,0,0,0,0,789,08/05/2015 10:45
South West Bedfordshire,England,Con,79285,51304,244,65.016081225957,17813,28212,10399,2646,7941,2106,0,0,0,0,0,0,0,0,08/05/2015 08:32
South West Devon,England,Con,71035,50372,122,71.08326881114944,20109,28500,8391,3767,7306,2408,0,0,0,0,0,0,0,0,08/05/2015 07:53
South West Hertfordshire,England,Con,79668,57267,174,72.10046693779184,23263,32608,9345,5872,6603,2583,0,0,0,0,0,0,0,256,08/05/2015 04:38
South West Norfolk,England,Con,76970,50110,192,65.35273483175263,13861,25515,8649,2217,11654,2075,0,0,0,0,0,0,0,0,08/05/2015 08:08
South West Surrey,England,Con,77548,57119,247,73.97482849332026,28556,34199,5415,3586,5643,3105,0,0,0,0,0,0,0,5171,08/05/2015 06:46
South West Wiltshire,England,Con,73018,51643,108,70.87430496589882,18168,27198,6948,5482,9030,2985,0,0,0,0,0,0,0,0,08/05/2015 03:48
Spelthorne,England,Con,71592,49079,191,68.82053860766565,14152,24386,9114,3163,10234,1724,0,0,0,0,0,0,0,458,08/05/2015 07:25
Stafford,England,Con,68705,48767,173,71.23207917909905,9177,23606,14429,1348,6293,1390,0,0,0,0,0,0,0,1701,08/05/2015 07:03
Staffordshire Moorlands,England,Con,63104,42587,126,67.68667596348884,10174,21770,11596,1759,6236,1226,0,0,0,0,0,0,0,0,08/05/2015 06:25
St Albans,England,Con,75825,54433,156,71.99340586877679,12732,25392,12660,10076,4271,2034,0,0,0,0,0,0,0,0,08/05/2015 05:30
Stalybridge and Hyde,England,Lab,71357,41034,201,57.786902476281234,6686,11761,18447,1256,7720,1850,0,0,0,0,0,0,0,0,08/05/2015 08:46
St Austell and Newquay,England,Con,76607,50361,95,65.86343284556241,8173,20250,5150,12077,8503,2318,0,0,0,0,0,0,0,2063,08/05/2015 07:11
Stevenage,England,Con,70597,47799,127,67.88673739677323,4955,21291,16336,1582,6864,1369,0,0,0,0,0,0,0,357,08/05/2015 04:38
St Helens North,England,Lab,75262,46256,192,61.71507533682337,17291,9087,26378,2046,6983,1762,0,0,0,0,0,0,0,0,08/05/2015 04:42
St Helens South and Whiston,England,Lab,77720,48397,171,62.49099330931549,21243,7707,28950,2737,6766,2237,0,0,0,0,0,0,0,0,08/05/2015 03:50
Stirling,Scotland,SNP,67236,52135,83,77.6637515616634,10480,12051,13303,1392,0,1606,23783,0,0,0,0,0,0,0,08/05/2015 03:17
St Ives,England,Con,65570,48312,78,73.79899344212292,2469,18491,4510,16022,5720,3051,0,0,0,0,0,0,0,518,08/05/2015 15:26
Stockport,England,Lab,63931,39649,135,62.2295912780967,10061,9710,19771,3034,5206,1753,0,0,0,0,0,0,0,175,08/05/2015 05:52
Stockton North,England,Lab,66126,39571,212,60.16241720352055,8367,11069,19436,884,7581,0,0,0,0,0,0,0,0,601,08/05/2015 03:42
Stockton South,England,Con,75111,51797,147,69.15631531999308,5046,24221,19175,1366,5480,952,0,0,0,0,0,0,0,603,08/05/2015 04:32
Stoke-On-Trent Central,England,Lab,60634,31084,150,51.512352805356734,5179,7008,12220,1296,7041,1123,0,0,0,0,0,0,0,2396,08/05/2015 06:06
Stoke-On-Trent North,England,Lab,71438,38654,168,54.34362664128335,4836,10593,15429,1137,9542,1091,0,0,0,0,0,0,0,862,08/05/2015 08:45
Stoke-On-Trent South,England,Lab,68091,39107,159,57.66694570501241,2539,12780,15319,1309,8298,1029,0,0,0,0,0,0,0,372,08/05/2015 09:00
Stone,England,Con,67339,47031,138,70.04707524614265,16250,25733,9483,2473,7620,1191,0,0,0,0,0,0,0,531,08/05/2015 07:55
Stourbridge,England,Con,69077,46029,103,66.78344456186575,6694,21195,14501,1538,7774,1021,0,0,0,0,0,0,0,0,08/05/2015 05:09
Strangford,Northern Ireland,DUP,64289,33924,180,53.047955326727745,10185,2167,0,0,2237,0,0,0,15053,876,2335,4868,4687,1701,08/05/2015 02:03
Stratford-On-Avon,England,Con,71304,51459,157,72.3886457982722,22876,29674,6677,6182,6798,2128,0,0,0,0,0,0,0,0,08/05/2015 05:13
Streatham,England,Lab,79137,49933,155,63.29277076462338,13934,12540,26474,4491,1602,4421,0,0,0,0,0,0,0,405,08/05/2015 03:15
Stretford and Urmston,England,Lab,69026,46386,183,67.46588242111669,11685,12916,24601,1362,5068,2187,0,0,0,0,0,0,0,252,08/05/2015 06:09
Stroud,England,Con,80544,60819,121,75.66050854191498,4866,27813,22947,2086,4848,2779,0,0,0,0,0,0,0,346,08/05/2015 03:51
Suffolk Coastal,England,Con,77816,55594,168,71.65878482574279,18842,28855,10013,4777,8655,3294,0,0,0,0,0,0,0,0,08/05/2015 06:52
Sunderland Central,England,Lab,72950,41762,166,57.47498286497601,11179,9780,20959,1105,7997,1706,0,0,0,0,0,0,0,215,07/05/2015 23:16
Surrey Heath,England,Con,79515,54431,252,68.7706722002138,24804,32582,6100,4937,7778,2400,0,0,0,0,0,0,0,634,08/05/2015 07:33
Sutton and Cheam,England,Con,69228,49905,116,72.2554457733865,3921,20732,5546,16811,5341,1051,0,0,0,0,0,0,0,424,08/05/2015 04:35
Sutton Coldfield,England,Con,74956,50854,173,68.07593788355835,16417,27782,11365,2627,7489,1426,0,0,0,0,0,0,0,165,08/05/2015 04:50
Swansea East,Wales,Lab,58011,33618,107,58.13552602092707,12028,5142,17807,1392,5779,0,0,3498,0,0,0,0,0,0,08/05/2015 03:26
Swansea West,Wales,Lab,58776,35156,116,60.01088879814891,7036,7931,14967,3178,4744,1784,0,2266,0,0,0,0,0,286,08/05/2015 06:10
Tamworth,England,Con,71913,47174,105,65.74471931361506,11302,23606,12304,1427,8727,1110,0,0,0,0,0,0,0,0,08/05/2015 04:37
Tatton,England,Con,65004,45298,185,69.96954033597932,18241,26552,8311,3850,4871,1714,0,0,0,0,0,0,0,0,08/05/2015 07:04
Taunton Deane,England,Con,83221,57887,158,69.74802033140674,15491,27849,5347,12358,6921,2630,0,0,0,0,0,0,0,2782,08/05/2015 07:09
Telford,England,Con,66166,40645,214,61.75225946860926,730,16094,15364,927,7330,930,0,0,0,0,0,0,0,0,08/05/2015 04:41
Tewkesbury,England,Con,78910,55344,192,70.37891268533772,21972,30176,8204,7629,7128,2207,0,0,0,0,0,0,0,0,08/05/2015 07:30
The Cotswolds,England,Con,78290,56667,197,72.63252011751182,21477,32045,5240,10568,6188,2626,0,0,0,0,0,0,0,0,08/05/2015 12:36
The Wrekin,England,Con,65942,45437,206,69.21688756786267,10743,22579,11836,1959,7620,1443,0,0,0,0,0,0,0,0,08/05/2015 04:35
Thirsk and Malton,England,Con,77451,52365,170,67.82998282785245,19456,27545,8089,4703,7805,2404,0,0,0,0,0,0,0,1819,08/05/2015 07:18
Thornbury and Yate,England,Con,66066,48570,163,73.76411467320558,1495,19924,3775,18429,5126,1316,0,0,0,0,0,0,0,0,08/05/2015 05:39
Thurrock,England,Con,77559,49564,126,64.06735517477019,536,16692,16156,644,15718,0,0,0,0,0,0,0,0,354,08/05/2015 05:08
Tiverton and Honiton,England,Con,76270,53763,378,70.98597089288056,20173,29030,6835,5626,8857,3415,0,0,0,0,0,0,0,0,08/05/2015 07:54
Tonbridge and Malling,England,Con,74877,53670,162,71.8939060058496,23734,31887,7604,3660,8153,2366,0,0,0,0,0,0,0,0,08/05/2015 05:40
Tooting,England,Lab,76782,53529,212,69.99166471308381,2842,22421,25263,2107,1537,2201,0,0,0,0,0,0,0,0,08/05/2015 01:12
Torbay,England,Con,76350,48079,135,63.1486574983628,3286,19551,4166,16265,6540,1557,0,0,0,0,0,0,0,0,08/05/2015 04:39
Torfaen,Wales,Lab,61896,37937,68,61.40138296497351,8169,8769,16938,1271,7203,746,0,2169,0,0,0,0,0,841,08/05/2015 02:45
Torridge and West Devon,England,Con,78621,56584,202,72.22752190890475,18403,28774,6015,7483,10371,3941,0,0,0,0,0,0,0,0,08/05/2015 10:52
Totnes,England,Con,68630,47097,170,68.87221331779105,18285,24941,5988,4667,6656,4845,0,0,0,0,0,0,0,0,08/05/2015 05:52
Tottenham,England,Lab,70803,42558,213,60.4084572687598,23564,5090,28654,1756,1512,3931,0,0,0,0,0,0,0,1615,08/05/2015 03:13
Truro and Falmouth,England,Con,73601,51544,78,70.13763399953805,14000,22681,7814,8681,5967,4483,0,0,0,0,0,0,0,1918,08/05/2015 07:10
Tunbridge Wells,England,Con,73429,51428,165,70.26243037491999,22874,30181,7307,4342,6481,2659,0,0,0,0,0,0,0,458,08/05/2015 05:03
Twickenham,England,Con,80250,62004,122,77.41557632398754,2017,25580,7129,23563,3069,2463,0,0,0,0,0,0,0,200,08/05/2015 04:45
Tynemouth,England,Lab,77524,53495,126,69.16696764872813,8240,17551,25791,1595,6541,2017,0,0,0,0,0,0,0,0,08/05/2015 05:09
Upper Bann,Northern Ireland,DUP,80060,47219,254,59.296777416937296,2264,201,0,0,0,0,0,0,15430,11593,4238,13166,1780,811,08/05/2015 02:18
Uxbridge and South Ruislip,England,Con,70631,44811,103,63.58964194192352,10695,22511,11816,2215,6346,1414,0,0,0,0,0,0,0,509,08/05/2015 04:35
Vale Of Clwyd,Wales,Con,56505,35261,77,62.53959826564021,237,13760,13523,915,4577,0,0,2486,0,0,0,0,0,0,08/05/2015 03:13
Vale Of Glamorgan,Wales,Con,72794,51293,86,70.58136659614803,6880,23607,16727,1309,5489,1054,0,2869,0,0,0,0,0,238,08/05/2015 05:33
Vauxhall,England,Lab,82231,47941,234,58.584961875691654,12708,13070,25778,3312,1385,3658,0,0,0,0,0,0,0,738,08/05/2015 03:28
Wakefield,England,Lab,70521,42973,106,61.08676848031082,2613,14688,17301,1483,7862,1069,0,0,0,0,0,0,0,570,08/05/2015 06:08
Wallasey,England,Lab,65495,43366,179,66.48599129704557,16348,9828,26176,1011,5063,1288,0,0,0,0,0,0,0,0,08/05/2015 03:41
Walsall North,England,Lab,67080,36883,137,55.18783542039356,1937,12455,14392,840,8122,529,0,0,0,0,0,0,0,545,08/05/2015 04:35
Walsall South,England,Lab,67743,41838,198,62.05216775164961,6007,13733,19740,676,6540,1149,0,0,0,0,0,0,0,0,08/05/2015 04:48
Walthamstow,England,Lab,67015,41796,181,62.63821532492726,23195,5584,28779,1661,2507,2661,0,0,0,0,0,0,0,604,08/05/2015 06:35
Wansbeck,England,Lab,60705,38528,68,63.57960629272712,10881,8386,19267,2407,7014,1454,0,0,0,0,0,0,0,0,08/05/2015 13:02
Wantage,England,Con,82931,58320,212,70.57915616596931,21749,31092,9343,7611,7288,2986,0,0,0,0,0,0,0,0,08/05/2015 07:12
Warley,England,Lab,63738,37829,209,59.67868461514324,14702,7310,22012,805,6237,1465,0,0,0,0,0,0,0,0,08/05/2015 03:33
Warrington North,England,Lab,72104,45419,201,63.26972151336958,8923,12797,21720,1881,7757,1264,0,0,0,0,0,0,0,0,08/05/2015 06:34
Warrington South,England,Con,84767,59353,199,70.25375440914506,2750,25928,23178,3335,4909,1765,0,0,0,0,0,0,0,238,08/05/2015 07:27
Warwick and Leamington,England,Con,71578,50581,213,70.96314510044985,6606,24249,17643,2512,4183,1994,0,0,0,0,0,0,0,0,08/05/2015 13:58
Washington and Sunderland West,England,Lab,68190,37257,190,54.91567678545242,13157,7033,20478,993,7321,1091,0,0,0,0,0,0,0,341,07/05/2015 23:29
Watford,England,Con,83535,56149,211,67.4687256838451,9794,24400,14606,10152,5481,1332,0,0,0,0,0,0,0,178,08/05/2015 04:39
Waveney,England,Con,80166,52196,143,65.2882768255869,2408,22104,19696,1055,7580,1761,0,0,0,0,0,0,0,0,08/05/2015 08:05
Wealden,England,Con,80236,57017,181,71.28720275188195,22967,32508,6165,5180,9541,3623,0,0,0,0,0,0,0,0,08/05/2015 05:09
Weaver Vale,England,Con,68407,46867,77,68.62455596649465,806,20227,19421,1395,4547,1183,0,0,0,0,0,0,0,94,08/05/2015 06:46
Wellingborough,England,Con,74317,50430,239,68.17955514888922,16397,26265,9839,2240,9868,2218,0,0,0,0,0,0,0,0,08/05/2015 04:41
Wells,England,Con,79405,56904,182,71.89219822429318,7585,26247,3780,18662,5644,2331,0,0,0,0,0,0,0,240,08/05/2015 11:26
Welwyn Hatfield,England,Con,73247,50205,171,68.77551299029312,12153,25281,13128,3140,6556,1742,0,0,0,0,0,0,0,358,08/05/2015 06:03
Wentworth and Dearne,England,Lab,74283,43189,158,58.35386292960705,13838,6441,24571,1135,10733,0,0,0,0,0,0,0,0,309,08/05/2015 04:34
West Aberdeenshire and Kincardine,Scotland,SNP,73445,55196,43,75.21138266730206,7033,15916,2487,11812,1006,885,22949,0,0,0,0,0,0,141,08/05/2015 04:45
West Bromwich East,England,Lab,63637,37492,141,59.13698005877084,9470,9347,18817,751,7949,628,0,0,0,0,0,0,0,0,08/05/2015 10:31
West Bromwich West,England,Lab,65524,35026,130,53.653623099932844,7742,8365,16578,550,8836,697,0,0,0,0,0,0,0,0,08/05/2015 03:42
West Dorset,England,Con,78000,56458,185,72.61923076923077,16130,28329,5633,12199,7055,3242,0,0,0,0,0,0,0,0,08/05/2015 06:18
West Dunbartonshire,Scotland,SNP,69208,51141,61,73.9827765576234,14171,3597,16027,816,0,0,30198,0,0,0,0,0,0,503,08/05/2015 02:23
West Ham,England,Lab,90640,52793,217,58.48411297440423,27986,8146,36132,1430,3950,2651,0,0,0,0,0,0,0,484,08/05/2015 04:34
West Lancashire,England,Lab,70906,49676,117,70.22395848024145,8360,16114,24474,1298,6058,1582,0,0,0,0,0,0,0,150,08/05/2015 04:55
Westminster North,England,Lab,62346,39514,186,63.67689988130755,1977,16527,18504,1457,1489,1322,0,0,0,0,0,0,0,215,08/05/2015 03:04
Westmorland and Lonsdale,England,LD,65857,48929,123,74.48259106852726,8949,16245,2661,25194,3031,1798,0,0,0,0,0,0,0,0,08/05/2015 03:25
Weston-Super-Mare,England,Con,80309,52552,231,65.72488762156172,15609,25203,9594,5486,9366,2592,0,0,0,0,0,0,0,311,08/05/2015 07:25
West Suffolk,England,Con,76198,49232,197,64.86915667077876,14984,25684,8604,2465,10700,1779,0,0,0,0,0,0,0,0,08/05/2015 04:56
West Tyrone,Northern Ireland,SF,63856,38654,353,61.0858807316462,10060,169,0,0,0,780,0,0,6747,16807,6444,6144,869,694,08/05/2015 01:47
West Worcestershire,England,Con,73394,54100,198,73.98152437528952,22578,30342,7244,5245,7764,3505,0,0,0,0,0,0,0,0,08/05/2015 04:32
Wigan,England,Lab,75990,45293,126,59.769706540334255,14236,9389,23625,1255,8818,1273,0,0,0,0,0,0,0,933,08/05/2015 03:26
Wimbledon,England,Con,65853,48422,144,73.74910786144898,12619,25225,12606,6129,2476,1986,0,0,0,0,0,0,0,0,08/05/2015 02:55
Winchester,England,Con,74119,55316,165,74.85395107867079,16914,30425,4613,13511,4122,2645,0,0,0,0,0,0,0,0,08/05/2015 07:48
Windsor,England,Con,71538,50160,189,70.38077665017194,25083,31797,6714,4323,4992,1834,0,0,0,0,0,0,0,500,08/05/2015 06:47
Wirral South,England,Lab,56956,41837,143,73.70601868108716,4599,15566,20165,1474,3737,895,0,0,0,0,0,0,0,0,08/05/2015 04:37
Wirral West,England,Lab,55377,41858,150,75.85820828141647,417,18481,18898,1433,2772,0,0,0,0,0,0,0,0,274,08/05/2015 05:00
Witham,England,Con,67090,47168,167,70.55447905798181,19554,27123,7467,2891,7569,2038,0,0,0,0,0,0,0,80,08/05/2015 06:18
Witney,England,Con,79767,58482,188,73.55171938270212,25155,35201,10046,3953,5352,2970,0,0,0,0,0,0,0,960,08/05/2015 05:43
Woking,England,Con,74269,51964,149,70.16790316282702,20810,29199,8389,6047,5873,2109,0,0,0,0,0,0,0,347,08/05/2015 05:29
Wokingham,England,Con,77881,55999,166,72.11643404681502,24197,32329,8132,7572,5516,2092,0,0,0,0,0,0,0,358,08/05/2015 05:41
Wolverhampton North East,England,Lab,61065,34003,130,55.896176205682465,5495,10174,15669,935,6524,701,0,0,0,0,0,0,0,0,08/05/2015 05:12
Wolverhampton South East,England,Lab,62556,34764,138,55.79320928448111,10778,7761,18539,798,7061,605,0,0,0,0,0,0,0,0,08/05/2015 05:21
Wolverhampton South West,England,Lab,60368,40209,139,66.83673469387756,801,16573,17374,845,4310,1058,0,0,0,0,0,0,0,49,08/05/2015 05:39
Worcester,England,Con,72461,49723,137,68.80942852016946,5646,22534,16888,1677,6378,2024,0,0,0,0,0,0,0,222,08/05/2015 03:05
Workington,England,Lab,58615,38463,232,66.01552503625352,4686,11596,16282,1708,7538,1149,0,0,0,0,0,0,0,190,08/05/2015 05:15
Worsley and Eccles South,England,Lab,72177,42048,136,58.44521107832135,5946,12654,18600,1100,7688,1242,0,0,0,0,0,0,0,764,08/05/2015 05:15
Worthing West,England,Con,75617,50763,193,67.38696324900485,16855,26124,7955,4477,9269,2938,0,0,0,0,0,0,0,0,08/05/2015 06:59
Wrexham,Wales,Lab,50992,32719,55,64.27282711013493,1831,10350,12181,1735,5072,669,0,2501,0,0,0,0,0,211,08/05/2015 01:26
Wycombe,England,Con,76371,51439,319,67.77179819565018,14856,26444,11588,4546,5198,3086,0,0,0,0,0,0,0,577,08/05/2015 05:06
Wyre and Preston North,England,Con,70637,49893,190,70.90193524640061,14151,26528,12377,2712,6577,1699,0,0,0,0,0,0,0,0,08/05/2015 05:14
Wyre Forest,England,Con,77407,49440,108,64.00971488366686,12871,22394,9523,1228,7967,1117,0,0,0,0,0,0,0,7211,08/05/2015 06:56
Wythenshawe and Sale East,England,Lab,75994,43263,168,57.15056451825144,10569,11124,21693,1927,6354,1658,0,0,0,0,0,0,0,507,08/05/2015 04:33
Yeovil,England,Con,82447,56933,163,69.25176173784371,5313,24178,4053,18865,7646,2191,0,0,0,0,0,0,0,0,08/05/2015 05:54
Ynys Mon,Wales,Lab,49939,34926,67,70.07148721440157,229,7393,10871,751,5121,0,0,10642,0,0,0,0,0,148,08/05/2015 03:47
York Central,England,Lab,75351,47677,224,63.5704901063025,6716,13496,20212,3804,4795,4791,0,0,0,0,0,0,0,579,08/05/2015 08:32
York Outer,England,Con,78561,53903,154,68.80895100622446,13129,26477,13348,6269,5251,2558,0,0,0,0,0,0,0,0,08/05/2015 08:38
